"","review_count","rating","price","StateRate","CountyRate","CityRate","SpecialRate","CombinedRate","id","distance","state","longitude","latitude"
"LRNmm0ZllQ1fosayvGe2eg",8.14889713388988,1.15194803459115,-0.470920695845764,-6.93889390390723e-18,0.02,-0.05,0,-0.03,"LRNmm0ZllQ1fosayvGe2eg",916.818749389221,"GA",-85.1834781303983,32.8768590423215
"6KHpR408-5q4zIGTIyiydA",3.88152588529763,0.636583718277232,0.50385606010769,0,0.02,-0.05,0,-0.03,"6KHpR408-5q4zIGTIyiydA",1372.13256401958,"GA",-85.17646,32.87779
"d_nS-KGqsMPzu1eZZHqCuQ",18.1618294549013,0.153111325949539,0.531245873564324,0,0.02,-0.05,0,-0.03,"d_nS-KGqsMPzu1eZZHqCuQ",904.763747889135,"GA",-85.1839562505484,32.87690602907
"M8-tfV2NdJmsVFB8b14olw",1.20448915169012,0.655962433116621,0.535547545209898,6.93889390390723e-18,0.02,-0.05,0,-0.03,"M8-tfV2NdJmsVFB8b14olw",850.298225674372,"GA",-85.184505,32.876551
"-52vSUgsVr3GfZ3PPHuBig",-3.04287370115743,-0.861089450657226,-0.49409759962215,0,0.02,-0.05,0,-0.03,"-52vSUgsVr3GfZ3PPHuBig",1141.7135517906,"GA",-85.17829,32.87603
"lEcO1xkNAs6RZ2SexIvrEA",25.1918560686077,0.654596304576579,0.532904842780958,6.93889390390723e-18,0.02,-0.05,0,-0.03,"lEcO1xkNAs6RZ2SexIvrEA",858.856101287619,"GA",-85.1839244515552,32.8764516105107
"g74isAiLfDAaNyHIQgsLKw",0.914074504972803,-1.86227959940998,-0.494882795476792,6.93889390390723e-18,0.02,-0.05,0,-0.03,"g74isAiLfDAaNyHIQgsLKw",1274.33921119001,"GA",-85.17738,32.87715
"qdBj7gFPZhAtyZK27XZeIg",311.761171140967,0.145888599801561,0.75403850222048,0,0.02,-0.045,0.01,-0.015,"qdBj7gFPZhAtyZK27XZeIg",1156.45936577052,"GA",-84.995275,32.466508
"E6uU7ju9mtq2QDT13-66vA",-33.1036149034662,0.171349364568043,0.719027670402384,0,0.02,-0.045,0.01,-0.015,"E6uU7ju9mtq2QDT13-66vA",1031.72611150803,"GA",-84.992068,32.468974
"vVFldydkompD7sQqQJfZFg",230.75881047591,0.171353305450815,-0.282343282380277,-6.93889390390723e-18,0.02,-0.045,0.01,-0.015,"vVFldydkompD7sQqQJfZFg",1048.5772399824,"GA",-84.9916082,32.4690697
"BFsM7cOnpzJy-P82VCo0YQ",362.761762501119,-0.330817293111025,0.71832582261555,0,0.02,-0.045,0.01,-0.015,"BFsM7cOnpzJy-P82VCo0YQ",1103.98706307392,"GA",-84.9908559,32.468938
"0Kgc59z8_Bt-edO9V6-MoA",96.7822773653943,0.148973832529216,0.743960663537055,0,0.02,-0.045,0.01,-0.015,"0Kgc59z8_Bt-edO9V6-MoA",1275.61425384972,"GA",-84.99275,32.46611
"a4koKlWjA4pBMslYiCAOwg",-6.23870136785382,0.169040747399556,0.71836404227115,0,0.02,-0.045,0.01,-0.015,"a4koKlWjA4pBMslYiCAOwg",1108.73997585449,"GA",-84.9908,32.46893
"DBuwVrRbYMRfUJIFsKA5lg",82.025915713474,0.170436910670423,1.73062604278749,-6.93889390390723e-18,0.02,-0.045,0.01,-0.015,"DBuwVrRbYMRfUJIFsKA5lg",890.545710548347,"GA",-84.99474,32.46863
"4e8h60mVSeQKGrqgFmwyaw",106.927067039504,-0.322655140781008,0.717737337071128,0,0.02,-0.045,0.01,-0.015,"4e8h60mVSeQKGrqgFmwyaw",919.500612379486,"GA",-84.9936344577951,32.4693370560591
"-73KW-ZU8xPGrofMtDr0Dw",124.289787870225,0.15426953758467,1.73766698555978,0,0.02,-0.045,0.01,-0.015,"-73KW-ZU8xPGrofMtDr0Dw",1238.11116763275,"GA",-84.9921560083531,32.4667538538286
"ac54w1G7LqaJwg58NjA9cw",77.4509953730651,-0.320290359819521,0.71226685760998,0,0.02,-0.045,0.01,-0.015,"ac54w1G7LqaJwg58NjA9cw",869.086187216137,"GA",-84.9930515729762,32.4697008155032
"3QbwgnKND7FFfVWuOu65qg",106.965535225273,-0.849591438027061,0.745234461421561,0,0.02,-0.045,0.01,-0.015,"3QbwgnKND7FFfVWuOu65qg",1203.41039206416,"GA",-84.99372,32.46653
"0pTi536IkX2Xa8SqKkAzNw",273.046519101677,-0.850976577732606,0.746413849430729,6.93889390390723e-18,0.02,-0.045,0.01,-0.015,"0pTi536IkX2Xa8SqKkAzNw",1222.4783674462,"GA",-84.99372,32.46636
"Ct5sUXTut7P7ncyYUJW5Ew",-36.9771534072393,-0.355085997934621,-0.252504649512586,-6.93889390390723e-18,0.02,-0.045,0.01,-0.015,"Ct5sUXTut7P7ncyYUJW5Ew",1337.63799290526,"GA",-84.99275,32.46551
"xgN6r38UddWzpTf4bQoReA",104.850913245593,-0.363216864002108,0.757655143312752,0,0.02,-0.045,0.01,-0.015,"xgN6r38UddWzpTf4bQoReA",1346.73460900982,"GA",-84.9943511955893,32.4649481818605
"9PSTbIV6QNdLqZMXD3oTkw",-4.05087416128639,-1.48297986885188,-0.918156714759308,-0.02275,-0.01,0.02,0,-0.01275,"9PSTbIV6QNdLqZMXD3oTkw",449.278518582431,"MO",-91.536061545926,36.4994064638452
"oL8iCECn_aMtx8ElCFfOaw",-62.1808386425864,-0.272577984221607,-0.818268594044689,0.00399999999999999,-0.0175,0,0.015,0.0015,"oL8iCECn_aMtx8ElCFfOaw",1026.32625850529,"CA",-114.254531860352,34.1797485351562
"AAmys9RtScARwOV1ydHvVQ",33.0935347220523,5.53942558543241e-05,0,0.004,0.0025,0,0.015,0.0215,"AAmys9RtScARwOV1ydHvVQ",1351.68254162677,"CA",-114.6049,34.83967
"NHeRznV-sfUmEIzGrDP8lQ",130.177125087281,-0.500010607522639,0,0.00399999999999999,0.0025,0,0.015,0.0215,"NHeRznV-sfUmEIzGrDP8lQ",1017.18391736723,"CA",-114.610723460029,34.8488602186854
"APNTVgyEK0PutUCEVxOLPg",-21.8551801884003,-1.52181521855255e-05,0,0.00399999999999999,0.0025,0,0.015,0.0215,"APNTVgyEK0PutUCEVxOLPg",1246.08439583956,"CA",-114.61262,34.84703
"WjUB6voRVVyOovILXXNNDQ",-11.8517560793393,-0.49990342071681,1,0.00399999999999999,0.0025,0,0.015,0.0215,"WjUB6voRVVyOovILXXNNDQ",768.009189576365,"CA",-114.6061,34.846462
"A1aWDQ89SCTg0lsuZE2u2Q",-7.87472948150263,-1.50006897967606,0,0.00399999999999999,0.0025,0,0.015,0.0215,"A1aWDQ89SCTg0lsuZE2u2Q",1543.56987090221,"CA",-114.61685,34.84889
"vnuLB93OnAsWQXp7BbZRkQ",-7.90755045568799,-0.499942830974648,0,0.00399999999999999,0.0025,0,0.015,0.0215,"vnuLB93OnAsWQXp7BbZRkQ",1342.7995626576,"CA",-114.6044363,34.8396303
"iPwBBQ8AiiD3xQC2Nv13LA",61.1249026493779,-1.00006024287259,1,0.004,0.0025,0,0.015,0.0215,"iPwBBQ8AiiD3xQC2Nv13LA",1568.12349222924,"CA",-114.61666,34.84829
"wwk4cQ-_8EuMxqS2GEDSpQ",11.0965482313668,-2.49997088684617,0,0.004,0.0025,0,0.015,0.0215,"wwk4cQ-_8EuMxqS2GEDSpQ",1602.44763601803,"CA",-114.610064327717,34.8393924382291
"Hh4_-eOJM996ahdWvCRSDQ",-14.8977947013439,-0.999970972815575,0,0.004,0.0025,0,0.015,0.0215,"Hh4_-eOJM996ahdWvCRSDQ",1513.54144378603,"CA",-114.610214531422,34.840482144233
"xOodT4O8X-EhqpFNv1b2XA",4.2365413767209,-0.341219443291485,-0.507154710091465,-0.00475,-0.005,0.031875,0,0.022125,"xOodT4O8X-EhqpFNv1b2XA",391.549694344891,"NM",-109.04168,35.65878
"HW2EMkoNXN87gR7DcMPEJg",-8.25147993970868,-0.780422723983978,-0.470817409942701,-0.00475,-0.005,0.031875,0,0.022125,"HW2EMkoNXN87gR7DcMPEJg",158.668562234909,"NM",-109.044,35.6598
"rSdvOc6qqiAIB8HLIQLchA",-8.86652147525881,-1.85248402196638,-0.513744455889024,-0.00475000000000001,-0.005,0.031875,0,0.022125,"rSdvOc6qqiAIB8HLIQLchA",433.009045377164,"NM",-109.041683049696,35.6579859605876
"v83mPeWzKb_nAKCPRaDFMg",546.772382323732,-0.220641543914803,1,-0.01,0.03775,-0.02,0,0.00775000000000002,"v83mPeWzKb_nAKCPRaDFMg",1064.4504945039,"NV",-114.5770281,35.1442759
"K1bOLzn9Axqv4uRdT6nbOw",50.0363564633137,0.277525302338099,2,-0.01,0.03775,-0.02,0,0.00774999999999999,"K1bOLzn9Axqv4uRdT6nbOw",1088.77246144378,"NV",-114.57706,35.14447
"iNAwSqyg7Qv_Va8Oe7VTtw",-7.91649794323152,-0.722802097616448,1,-0.01,0.03775,-0.02,0,0.00775000000000001,"iNAwSqyg7Qv_Va8Oe7VTtw",1106.59789537877,"NV",-114.5765406,35.144642
"j1UhDSgaBmP-ASF4lpQYUQ",-22.5906168846581,-0.232009604967652,1,-0.01,0.03775,-0.02,0,0.00774999999999999,"j1UhDSgaBmP-ASF4lpQYUQ",1205.03514929398,"NV",-114.576382083365,35.1455213525404
"Xo2ZW-ymWnwGTcQOaj84JQ",336.562009224224,1.48479156565236,1.36071242471405,0.014,-0.03415,0,0.01,-0.01015,"Xo2ZW-ymWnwGTcQOaj84JQ",152.397032650951,"CA",-120.005729,39.228111
"t__y7HeY_znf3ErL9ip2Sw",410.771298948812,0.182224049028543,-0.984148165509376,0.014,-0.03415,0,0.01,-0.01015,"t__y7HeY_znf3ErL9ip2Sw",1381.96889796814,"CA",-120.01835,39.23462
"HtfH49miWBP556BRRmK0IA",-0.203652573623799,0.181692433294052,-0.984628294947886,0.014,-0.03415,0,0.01,-0.01015,"HtfH49miWBP556BRRmK0IA",1429.47888353141,"CA",-120.018532,39.235146
"NP8dtKljQDia-xi1snj1ng",313.775861490297,-0.816211061722359,0.0175447963342488,0.014,-0.03415,0,0.01,-0.01015,"NP8dtKljQDia-xi1snj1ng",1234.22223847145,"CA",-120.01687,39.23428
"sB66bPsoJ7MHAdUBLWFTog",1184.92969945296,0.0385840792255125,-0.246065284959846,0.014,-0.0225,0.005,0.01,0.00649999999999999,"sB66bPsoJ7MHAdUBLWFTog",522.741180786424,"CA",-119.943068439923,38.9554917026094
"5n9TtSuTGsU5aXZoBcf4AA",199.22827826478,0.535414254803244,-0.245904793143676,0.014,-0.0225,0.005,0.01,0.00650000000000001,"5n9TtSuTGsU5aXZoBcf4AA",489.421272147839,"CA",-119.9433674,38.955882
"PseBu4kUFheNa9WMq-u7FA",4044.77152017661,0.538788648337353,-0.23775134770792,0.014,-0.0225,0.005,0.01,0.00649999999999999,"PseBu4kUFheNa9WMq-u7FA",439.48248627054,"CA",-119.942530594,38.956157782
"7snn35h5uCZTr9hPXxadfg",154.509464453239,0.533796579814338,-0.263921819606711,0.014,-0.0225,0.005,0.01,0.00650000000000001,"7snn35h5uCZTr9hPXxadfg",757.851340731063,"CA",-119.94632,38.95437
"sBxArApiH48LI-xbPh7c5w",1130.84848556076,0.535833671685858,-0.251591432722931,0.014,-0.0225,0.005,0.01,0.00650000000000001,"sBxArApiH48LI-xbPh7c5w",562.674909320495,"CA",-119.943899274841,38.9553362072261
"TnQ3IFcnux1sEonqfWnuKg",535.458764196458,0.037589663600663,0.759062535481777,0.014,-0.0225,0.005,0.01,0.00650000000000001,"TnQ3IFcnux1sEonqfWnuKg",459.787949931966,"CA",-119.942813580847,38.9560242344781
"EWQikSxO1q2TOETJwhGcmw",-330.816122984517,0.0247653653400928,-0.296380743496024,0.014,-0.0225,0.005,0.01,0.00650000000000001,"EWQikSxO1q2TOETJwhGcmw",774.350682352469,"CA",-119.9504183,38.9596924
"Hl0DppdKGAyPgn8JARyUTA",237.358690005661,0.0333688333511946,-0.258074494621959,0.014,-0.0225,0.005,0.01,0.00649999999999999,"Hl0DppdKGAyPgn8JARyUTA",614.604391577279,"CA",-119.945017332402,38.955247831119
"dcrAmHhC4BWBmum6tCak_A",-0.558771868507051,0.505364941906192,-0.232447713924454,0.014,-0.0225,0.005,0.01,0.00650000000000001,"dcrAmHhC4BWBmum6tCak_A",261.37532561724,"CA",-119.9432461,38.9581419
"SV8bCOZK2t_PAMAuFCEoZw",1177.10170229557,0.0344530353116026,-0.251074579087705,0.014,-0.0225,0.005,0.01,0.00650000000000002,"SV8bCOZK2t_PAMAuFCEoZw",535.327258977358,"CA",-119.943959,38.955624
"cSRIM3uELvz60lN7EoAEDA",-301.718729346756,0.510575945214516,-0.338144668552645,0.014,-0.0225,0.005,0.01,0.00650000000000002,"cSRIM3uELvz60lN7EoAEDA",266.147296949152,"CA",-119.94449,38.96024
"3ysHeEqsgPPZ2FQbJRNvBg",230.385780701469,0.0304194037225356,-1.25358282731135,0.014,-0.0225,0.005,0.01,0.00650000000000002,"3ysHeEqsgPPZ2FQbJRNvBg",503.234446052539,"CA",-119.94445,38.956151
"6Zw1rKzdh8xbEsRvz7w5ZQ",749.026998404047,-0.489572423507532,-0.210031203645115,0.014,-0.0225,0.005,0.01,0.00650000000000001,"6Zw1rKzdh8xbEsRvz7w5ZQ",254.96894528289,"CA",-119.94247,38.95789
"WFJqxtNVYVQbBeGn7Haytg",-59.1109531124712,0.0232660786385255,0.695353340107047,0.014,-0.0225,0.005,0.01,0.00650000000000001,"WFJqxtNVYVQbBeGn7Haytg",710.300049181598,"CA",-119.949547,38.960941
"zSQcRcTdainEdNHkQihF4g",-323.126784434424,0.511435663822402,-0.344263109944843,0.014,-0.0225,0.005,0.01,0.00650000000000001,"zSQcRcTdainEdNHkQihF4g",267.352192621501,"CA",-119.94443,38.96049
"xDSBnv5odEXN1NFa3nFXBA",517.054215295142,-0.966652521704283,-0.217811150691702,0.014,-0.0225,0.005,0.01,0.00650000000000001,"xDSBnv5odEXN1NFa3nFXBA",337.597985602742,"CA",-119.94203,38.95723
"U1UMf7k2XALzHJsHH_4UzQ",-131.573157776977,0.703277773097535,-0.972328568071653,-0.00650000000000001,0,0,0,-0.00650000000000001,"U1UMf7k2XALzHJsHH_4UzQ",829.908780253857,"CT",-71.8315418,41.3779796
"9yXbtKS_pszWG4SnKZpxnw",15.195624466739,0.172476250126079,0.0483937211211076,-0.00650000000000001,0,0,0,-0.00650000000000001,"9yXbtKS_pszWG4SnKZpxnw",836.66929732476,"CT",-71.8331364,41.3774172
"_qQD9hSPFhTgzRd4X0Kvhg",-97.9245286927533,-0.327306818423029,0.0567462305318058,-0.00650000000000002,0,0,0,-0.00650000000000002,"_qQD9hSPFhTgzRd4X0Kvhg",877.678064629524,"CT",-71.83311,41.3768699
"atz352tl_vY3u4gHMS8fVg",-185.231412384269,0.252642341639734,0.236271826973636,0.02,-0.03,0,0.01,0,"atz352tl_vY3u4gHMS8fVg",456.298127403004,"SC",-81.981104,33.48994
"3T80C6A9vfChFs38TbXnaQ",-25.3545112053743,-0.246604643477124,0.244600066002105,0.02,-0.03,0,0.01,0,"3T80C6A9vfChFs38TbXnaQ",240.937311539607,"SC",-81.982021,33.488097
"0oKQsBgMUpjbJmfgAxc93Q",-172.705686039537,-0.246324744468629,1.24278964324301,0.02,-0.03,0,0.01,0,"0oKQsBgMUpjbJmfgAxc93Q",218.673909213874,"SC",-81.98182,33.48783
"cAATFt61ZOHPRYz3ZavBtg",-230.998588525711,-0.749102543657381,0.160140853458403,0.02,-0.03,0,0.01,-1.38777878078145e-17,"cAATFt61ZOHPRYz3ZavBtg",760.879636359997,"SC",-81.9750786823871,33.4850031625383
"WpoKj1yMIQiPDtIO0ESG4Q",0.136869697950878,0.556942484662482,0.334940405515654,0.0025,3.46944695195361e-18,0,0,0.00249999999999999,"WpoKj1yMIQiPDtIO0ESG4Q",1296.42502441993,"IL",-90.3363459981941,41.608293452022
"YceJjJy9bM8VNF28DGNcAA",-33.5624951338353,0.578495555645797,0.295368515826241,0.00250000000000001,1.73472347597681e-18,0,0,0.00249999999999999,"YceJjJy9bM8VNF28DGNcAA",1100.37671676739,"IL",-90.3362830511049,41.6063357869545
"-IjwHm5-iS7fO4tnDDdm6g",-39.4522304207515,-0.425956633879905,-0.697521610759495,0.0025,1.73472347597681e-18,0,0,0.00249999999999999,"-IjwHm5-iS7fO4tnDDdm6g",1147.25783611723,"IL",-90.3361199,41.60676
"Am6zscMx2WbDVLjhkrZSQg",15,0.5,1,-0.005,-0.01,0.015,0,0,"Am6zscMx2WbDVLjhkrZSQg",1145.47828526005,"NE",-95.9110642554074,41.2822131063062
"XhvipB9UUkXJ6iut_2v6nA",-509.636820827252,0.280966782200558,-1.18446254084469,0.02025,0,-0.03954,0.011,-0.00829000000000001,"XhvipB9UUkXJ6iut_2v6nA",1517.2632059275,"IL",-90.175919,38.600723
"y_vjqg2uPRov6tH7FefRDg",0,-1.5,-1,0.01,0,0,0,0.01,"y_vjqg2uPRov6tH7FefRDg",850.98223433766,"IN",-85.06799,38.7474
"BV2TQDbbgC5Mwgyoh3CHDA",6,-1,0,0.01,0,0,0,0.01,"BV2TQDbbgC5Mwgyoh3CHDA",763.812668959124,"IN",-85.0668979,38.7472642
"s1l-tIsYtO-c4UdtFqNshQ",14,-1,-1,0.01,0,0,0,0.01,"s1l-tIsYtO-c4UdtFqNshQ",834.512449154546,"IN",-85.0675888061523,38.7478446960449
"ZELlXuQhiNKweMNwsEGqjQ",-4.29679799836514,0.986051725030036,0,-0.0125,0.015,0,0,0.00249999999999999,"ZELlXuQhiNKweMNwsEGqjQ",926.644228490352,"OH",-84.7971954345703,40.2008972167969
"tAiZGOeSnjPCot21QZ0r4g",-28.2870880507938,0,1,0,0,0,0,0,"tAiZGOeSnjPCot21QZ0r4g",1520.66040164063,"KS",-94.62247,39.10561
"PPFsjthei_Wo9voA_8B_kw",-117.038499404333,0.296181706030024,-0.0755150649286316,0.02275,-0.0025,-0.01375,-0.00125,0.00525,"PPFsjthei_Wo9voA_8B_kw",1274.97863472945,"KS",-94.6190963,39.044702
"cIKoYuaiOAdDM3WjucN_Fg",184.537737332512,-0.20432219748614,-0.0772657749242556,0.02275,-0.0025,-0.01375,-0.00125,0.00525000000000002,"cIKoYuaiOAdDM3WjucN_Fg",1261.81874835244,"KS",-94.6191491559148,39.0444566499809
"SjRAUwZ_qBz3ZlMgG0Swzg",-181.116643539278,0.273864722811757,-0.0892334829852,0.02275,0.00225,-0.0175,-0.00125,0.00625000000000001,"SjRAUwZ_qBz3ZlMgG0Swzg",641.389649208361,"KS",-94.61255,39.04188
"i3Rz9Q5-WI5uEM1ZShw17A",68.1099679124678,0.572009665666872,0,0.01,0.025,0,0,0.035,"i3Rz9Q5-WI5uEM1ZShw17A",1436.14680101759,"TN",-87.4336853027344,36.6302909851074
"9pGfqyc05eRpNXjtD5R4gw",15.117254215223,0.571893606982306,0,0.01,0.025,0,0,0.035,"9pGfqyc05eRpNXjtD5R4gw",1435.4809690558,"TN",-87.43327,36.63035
"33oszg9Kk-AhctdWCJxVPA",9.13936446662794,0.571360169610855,1,0.01,0.025,0,0,0.035,"33oszg9Kk-AhctdWCJxVPA",1441.42150693641,"TN",-87.43294,36.63053
"VvWlD_A_lXuFU82T52A6Dw",7.3544335013306,0.0663075507149022,1,0.01,0.025,0,0,0.035,"VvWlD_A_lXuFU82T52A6Dw",1411.71176515563,"TN",-87.4301376342773,36.6327247619629
"RpXIEffA4kWdzsIr5wRpDg",-5.7132494576113,0.0682704027744232,0,0.01,0.025,0,0,0.035,"RpXIEffA4kWdzsIr5wRpDg",1470.46688660962,"TN",-87.429224,36.632732
"ASEuz_425LhajfZHJnEqOw",0.183557845346606,-0.429289733836485,0,0.01,0.025,0,0,0.035,"ASEuz_425LhajfZHJnEqOw",1507.60363652812,"TN",-87.4302836,36.6314277
"D_1gZ7oFzQw8pHInXQ2ySA",31.6891286191743,-0.0264006360662927,1,0.01,0.025,0,0,0.035,"D_1gZ7oFzQw8pHInXQ2ySA",666.862292872809,"TN",-87.43494,36.64014
"im5ufXajtGOZ2-OI8nZW0Q",11.5346768602699,0.0603896356700031,0,0.01,0.025,0,0,0.035,"im5ufXajtGOZ2-OI8nZW0Q",1167.53561985074,"TN",-87.43425,36.63288
"frRqEqBUw1cmXCEPqDCvig",-7.89143127485489,-0.455457418012321,0,0.01,0.025,0,0,0.035,"frRqEqBUw1cmXCEPqDCvig",888.152841138148,"TN",-87.4353867,36.635231
"0zZaWUmYVx0saKy-lxmZ9A",-8.97082018507854,0.252492067745279,0.117608001159583,-0.0625,0,0,0,-0.0625,"0zZaWUmYVx0saKy-lxmZ9A",163.615342501601,"NH",-71.438571,42.70145
"xYoA9Tv1WLQNwUsrSebKFA",-45.7583468335458,0.250004308464346,-0.837132608717526,-0.0625,0,0,0,-0.0625,"xYoA9Tv1WLQNwUsrSebKFA",736.025114635791,"NH",-71.4406944438815,42.7064139292533
"vvTksuJ0qYt4rPCDVS2ZNA",120.642946521682,0.252268532055244,0.188947529170617,-0.0625,0,0,0,-0.0625,"vvTksuJ0qYt4rPCDVS2ZNA",1426.28822776749,"NH",-71.442972,42.712394
"knFmyefXsfGBXVILbw_GwA",-2.43755920926165,-0.250091001503673,0.171106283452711,-0.0625,0,0,0,-0.0625,"knFmyefXsfGBXVILbw_GwA",899.540373728468,"NH",-71.4417,42.70788
"yxYk1LJ-a85HWWmQH9-OZQ",-193.457213788094,0.276132062342036,-0.764769145647424,-0.0625,0,0,0,-0.0625,"yxYk1LJ-a85HWWmQH9-OZQ",1399.27198431727,"NH",-71.4216662,42.7019134
"i2_ZyAVw5vn1G16nzAR8vw",-129.823200924946,-0.269224451742704,0.145928658937859,-0.0625,0,0,0,-0.0625,"i2_ZyAVw5vn1G16nzAR8vw",549.89737461221,"NH",-71.442799,42.7038348
"NdFdqxvZTcUNNNKL7pFGHg",28,-0.5,0,-0.00750000000000001,0,0,0,-0.00750000000000001,"NdFdqxvZTcUNNNKL7pFGHg",1512.89889572511,"MA",-71.3207299,41.7893867
"A0v1nF06GF1fH3U33O9d2w",39,0,-1,-0.00750000000000001,0,0,0,-0.00750000000000001,"A0v1nF06GF1fH3U33O9d2w",1439.44479104222,"MA",-71.320055456093,41.7883428070652
"aEITinkk2hSDAhY3Q0ODdA",90,-1.5,0,-0.00750000000000001,0,0,0,-0.00750000000000001,"aEITinkk2hSDAhY3Q0ODdA",1111.90175550533,"MA",-71.329137,41.799722
"S7tZa38gZyNljlcesvZ7jw",16,0,0,0,0,0,0,0,"S7tZa38gZyNljlcesvZ7jw",1480.89774958157,"MD",-77.32111,39.70909
"jwvYnlRzsQDbqyYttD2Gmw",92,0.5,1,0.055,0,0,0,0.055,"jwvYnlRzsQDbqyYttD2Gmw",913.412824068611,"ME",-70.809513,43.234819
"iSo7rlpLnF2eDPND26v33w",35,0,1,0.055,0,0,0,0.055,"iSo7rlpLnF2eDPND26v33w",1011.24893523203,"ME",-70.81579,43.2361
"O6DeKIM5o7ila3l5H85OOg",10,0.5,0,0.055,0,0,0,0.055,"O6DeKIM5o7ila3l5H85OOg",868.28798349509,"ME",-70.809148,43.2341846
"rDOU-8k3oIoM_6A_ZdPihA",-18,-0.5,0,0.055,0,0,0,0.055,"rDOU-8k3oIoM_6A_ZdPihA",857.963837639215,"ME",-70.80925,43.23402
"MppdROBy-0fXma1Oye1H1A",-3,-1,1,0.055,0,0,0,0.055,"MppdROBy-0fXma1Oye1H1A",890.956284474233,"ME",-70.8093076186756,43.2344984674356
"f0oJ6Ca0EfThbYFaBwDt5A",-2.69515779350716,2,0,0.055,0,0,0,0.055,"f0oJ6Ca0EfThbYFaBwDt5A",1499.91628521308,"ME",-70.9397741407156,43.3370007398499
"EccTr1VrgC1odTXNybIvug",13,0.5,1,-0.0025,0.015,0,0,0.0125,"EccTr1VrgC1odTXNybIvug",1484.341523865,"OH",-83.56484,41.72121
"bP3LjQp5TXnH3feSXVcDVw",-13,1,0,-0.0025,0.015,0,0,0.0125,"bP3LjQp5TXnH3feSXVcDVw",1187.74935336142,"OH",-83.57008,41.72107
"i-2UWeNGM0DeZYYJ5Tc_Og",-4,0.5,1,-0.0025,0.015,0,0,0.0125,"i-2UWeNGM0DeZYYJ5Tc_Og",1393.12257035856,"OH",-83.59133,41.7209
"2O-MvyWDSs8RpWOU1HRogw",-60,-1,0,-0.01,0.005,0,0,-0.005,"2O-MvyWDSs8RpWOU1HRogw",1241.08256515986,"WI",-90.1862144,46.457225
"lR7XEryy9Iz-ihdN6ERtSg",-60,-2.5,1,-0.01,0.005,0,0,-0.005,"lR7XEryy9Iz-ihdN6ERtSg",1545.84824503333,"WI",-90.181973,46.455421
"HDeVMndxcLUrrk8UtO6C8g",15.9211748481265,0.802717849789155,0.668129472891966,0.01875,0,-0.02,0,-0.00125,"HDeVMndxcLUrrk8UtO6C8g",1374.34455043505,"MN",-96.58742,46.26371
"mIHzRxleI3bAQqhUZyTzEQ",-4.91382259905421,-1.63657928886673,-0.32590245239552,0.01875,0,-0.02,0,-0.00124999999999999,"mIHzRxleI3bAQqhUZyTzEQ",1086.36941003895,"MN",-96.5926551818848,46.2631413426648
"AYwh0nCpb-z8bav4vsC-Nw",-1.83016872175181,-0.60633243977072,-0.321825183265695,0.01875,0,-0.02,0,-0.00125,"AYwh0nCpb-z8bav4vsC-Nw",971.697352437227,"MN",-96.594229,46.2635131361956
"xsRHiqCHgNvyxFOL3aoLqA",4.63991638416294,0.447810915155237,1.1637458305417,0.01875,0,-0.02,0,-0.00124999999999999,"xsRHiqCHgNvyxFOL3aoLqA",660.06508042814,"MN",-96.774261,46.873564
"6HzzP3Ud6aaikQsPL6ul0Q",-61.7699144481227,-0.0448795827403732,0.162345453986742,0.01875,-8.67361737988404e-19,-0.02,0,-0.00125,"6HzzP3Ud6aaikQsPL6ul0Q",832.567505567531,"MN",-96.77292,46.87612
"84dxv15F4qgntC1asGF9Pw",-62.5671399630311,-0.0463480144031205,0.16420418484084,0.01875,8.67361737988404e-19,-0.02,0,-0.00124999999999999,"84dxv15F4qgntC1asGF9Pw",975.821413408222,"MN",-96.7713941605743,46.8760023425691
"wOnC5Ox4qHHPFNmfmigjEQ",35.3679154069526,-1.00133786603692,0.446793891819041,0.01875,-0.005,0,0.0025,0.01625,"wOnC5Ox4qHHPFNmfmigjEQ",871.143696235449,"MN",-92.7766342163086,45.0070419311523
"i7yQVYQVhil6We5Wg_lYfQ",58,1,0,0.01875,-0.005,0,0.005,0.01875,"i7yQVYQVhil6We5Wg_lYfQ",514.846495849257,"MN",-92.5342,44.56562
"sumjIzGAokKsnSU22Zz8zQ",102,1.5,0,0.01875,-0.005,0,0.005,0.01875,"sumjIzGAokKsnSU22Zz8zQ",1301.85423937515,"MN",-92.5473785400391,44.5625762939453
"X4GXOFxHg1BUPAkbqcxjjg",36,1,0,0.01875,-0.005,0,0.005,0.01875,"X4GXOFxHg1BUPAkbqcxjjg",437.649518776997,"MN",-92.5332794189453,44.5664596557617
"oo79os0T4T6jdCICELnG6w",20,1,0,0.01875,-0.005,0,0.005,0.01875,"oo79os0T4T6jdCICELnG6w",1336.43446697451,"MN",-92.548722,44.563293
"1eQeawIBql63vrT28IlH9A",39,1,-1,0.01875,-0.005,0,0.005,0.01875,"1eQeawIBql63vrT28IlH9A",521.948648693507,"MN",-92.53417,44.565581
"ECKHVReHZBSSuZ0F5XJaiQ",61,1,-1,0.01875,-0.005,0,0.005,0.01875,"ECKHVReHZBSSuZ0F5XJaiQ",585.1982150704,"MN",-92.534691,44.564982
"4x-05jpXWNVyFWB0aX2vIg",0,1,1,0.01875,-0.005,0,0.005,0.01875,"4x-05jpXWNVyFWB0aX2vIg",489.943449376607,"MN",-92.535955,44.565893
"KoN7Djqk0TX-eT3Suhyzzg",68,0.5,0,0.01875,-0.005,0,0.005,0.01875,"KoN7Djqk0TX-eT3Suhyzzg",1367.17632017511,"MN",-92.54918,44.56332
"AaRJfhvkuRBiJqRMMMn4yQ",50,0.5,0,0.01875,-0.005,0,0.005,0.01875,"AaRJfhvkuRBiJqRMMMn4yQ",523.856895236402,"MN",-92.5331268310547,44.5656280517578
"a2zJ0XMQ551xjM2QNWOJzA",-13,1,-1,0.01875,-0.005,0,0.005,0.01875,"a2zJ0XMQ551xjM2QNWOJzA",791.987749277203,"MN",-92.52978,44.56415
"mIiwgn_-kfrI3HwbtNut2A",-1,0.5,-1,0.01875,-0.005,0,0.005,0.01875,"mIiwgn_-kfrI3HwbtNut2A",745.945285537876,"MN",-92.538274,44.563963
"uj0uJ0NW8b6nIxGjLFThMw",-8,1,0,0.01875,-0.005,0,0.005,0.01875,"uj0uJ0NW8b6nIxGjLFThMw",481.815150450648,"MN",-92.5345509,44.565918
"1DjtpE4KR8yxiiaLDsI3cA",-10,0,0,0.01875,-0.005,0,0.005,0.01875,"1DjtpE4KR8yxiiaLDsI3cA",528.041502093215,"MN",-92.5347153,44.5654658
"J3chMf6I6PuVhcBONl_7cw",-27,-2,-1,0.01875,-0.005,0,0.005,0.01875,"J3chMf6I6PuVhcBONl_7cw",935.843148775205,"MN",-92.5418680764881,44.5634157586154
"KdPFcv7wJJ9yIeN6Qru04w",13,0.28864439846789,1,0.00275,0.00225,0,0,0.00500000000000001,"KdPFcv7wJJ9yIeN6Qru04w",761.057039732845,"OK",-94.6263327626248,36.82518225045
"6wcQfwUtoSbVG3T14COXkg",45,-0.5,1,0.0125,-0.0125,0,0.01,0.01,"6wcQfwUtoSbVG3T14COXkg",877.403895951963,"SC",-79.311487,34.497431
"RlGrzQrNnboTbac-Z4UT_A",125,-2,1,0.0125,-0.0125,0,0.01,0.01,"RlGrzQrNnboTbac-Z4UT_A",595.886425610362,"SC",-79.30853,34.498401
"IetDO56gWWW_e5jKV4u6Kg",27,-1.5,0,0.0125,-0.0125,0,0.01,0.01,"IetDO56gWWW_e5jKV4u6Kg",615.717439460348,"SC",-79.3086368592468,34.4997450071186
"EagobNqcGL5Y5LoVcyoX9A",-235.934461041191,0.0641745978434392,-1,0.0125,-0.01,0,0.005,0.00749999999999999,"EagobNqcGL5Y5LoVcyoX9A",1103.60116915941,"SC",-80.8516860011058,35.0120188386273
"b0-oYYylq8C6FbQtptyOPw",-11,-1.5,0,0.0125,-0.01,0,0.01,0.0125,"b0-oYYylq8C6FbQtptyOPw",321.120664906435,"SC",-81.451421,35.166135
"M8Z0BWdDFmqNg_mfA3ziZw",-17,-1.5,0,0.0125,-0.01,0,0.01,0.0125,"M8Z0BWdDFmqNg_mfA3ziZw",312.337867413724,"SC",-81.451462,35.166208
"4BHCX-9yG5IYtGuz5wsGQA",207.550961515482,0.224015246656869,0.0736536243252759,0.06,0,0,0,0.06,"4BHCX-9yG5IYtGuz5wsGQA",914.59656487717,"VT",-72.311345,43.7027754
"jc_ISlppPzt62g-2gM8eBA",-13.7005285361504,0.260695409423199,-1,0.02625,-0.0375,0,-0.00375,-0.015,"jc_ISlppPzt62g-2gM8eBA",178.990125945466,"NJ",-74.68447,41.35082
"sHVpeXVY53FHe7AakP6oxQ",-30.9383866880916,0.787914761139585,-1,0.02625,-0.0375,0,-0.00375,-0.015,"sHVpeXVY53FHe7AakP6oxQ",396.857512102054,"NJ",-74.686755,41.349329
"zgfKSWwxcBgBir_mlq0CIg",72.6070618823126,0.342944081821146,-0.382123150477107,-0.00625000000000001,0,0,0,-0.00625000000000001,"zgfKSWwxcBgBir_mlq0CIg",483.946086221978,"PA",-74.951093159616,40.363075282941
"TREeB3OyL2YvyoenMjWTLg",317.360246215812,-0.16000235687377,-0.381858425456133,-0.00625000000000001,0,0,0,-0.00625000000000001,"TREeB3OyL2YvyoenMjWTLg",602.603060603775,"PA",-74.950730421013,40.361858505592
"twuh803Q03U9X1YGnJgilg",-77.7860772588724,-0.157763149091542,0.621277430894859,-0.00625000000000001,0,0,0,-0.00625000000000001,"twuh803Q03U9X1YGnJgilg",460.030812534538,"PA",-74.9503,40.36295
"nHAm0YnNB8-I35dP9xDACg",-102.808145090256,0.344438470136803,-0.38126388939492,-0.00625000000000001,0,0,0,-0.00625000000000001,"nHAm0YnNB8-I35dP9xDACg",419.588148679394,"PA",-74.9508376792073,40.3636212107204
"d2GMM-ex2tm7Q0xcjSOXVA",-5.38156188735331,-0.147995813145513,-0.391298749119705,-0.00625000000000001,0,0,0,-0.00625000000000001,"d2GMM-ex2tm7Q0xcjSOXVA",303.528640496416,"PA",-74.9517439360061,40.3654256342087
"2HxkdqHmbYGj_BH1bLaiSw",122.678740932265,-0.15935943488846,-0.382341879246578,-0.00625000000000002,0,0,0,-0.00625000000000002,"2HxkdqHmbYGj_BH1bLaiSw",580.555079189381,"PA",-74.9509964,40.3621101
"uiVFEAmfCmUkJ0ESEU5OmA",375.364982357081,-0.154668940744077,0.614760719709968,-0.00625000000000001,0,0,0,-0.00625000000000001,"uiVFEAmfCmUkJ0ESEU5OmA",430.68992101973,"PA",-74.95171,40.36382
"tOPDno-cu5NQO56FeOBg-g",309.422805102003,-0.651216909783394,-0.393623158059013,-0.00624999999999999,0,0,0,-0.00624999999999999,"tOPDno-cu5NQO56FeOBg-g",478.712300771504,"PA",-74.9539691582322,40.365177221137
"m6ZcOrHJHYmIPhjgh8cycw",-100.311263746996,-0.161177635232674,-0.381095008661728,-0.00625000000000001,0,0,0,-0.00625000000000001,"m6ZcOrHJHYmIPhjgh8cycw",643.48696182195,"PA",-74.9501584097743,40.3613891888863
"GEuzwtdp2DX9c9HyhOT9KQ",179.891205412366,-1.14867884578891,-0.388601521054551,-0.00624999999999999,0,0,0,-0.00624999999999999,"GEuzwtdp2DX9c9HyhOT9KQ",283.480332025862,"PA",-74.9511795043945,40.3652229309082
"JESH2uerIEORvVSmtZwYVQ",-44.1955381942058,0.33883276397976,0.617932735289799,-0.00625000000000001,0,0,0,-0.00625000000000001,"JESH2uerIEORvVSmtZwYVQ",672.92045880688,"PA",-74.9504486,40.361282
"LRo87EVK3MKyxNfSFTI_lg",150.404345226993,-0.151123247792995,-0.3938794580605,-0.00625000000000002,0,0,0,-0.00625000000000002,"LRo87EVK3MKyxNfSFTI_lg",482.689672792331,"PA",-74.9540627002716,40.3652421073451
"4NlSpFSdeexT30ZJ_Rabxw",-19.2909448841352,-0.149186459964675,-0.38870797992909,-0.00625000000000001,0,0,0,-0.00625000000000001,"4NlSpFSdeexT30ZJ_Rabxw",299.737241556974,"PA",-74.951351,40.365145
"-uVvRy08ry6C_6vkxih7vQ",-113.958136470726,0.339525412159424,-0.380844960978905,-0.00625000000000001,0,0,0,-0.00625000000000001,"-uVvRy08ry6C_6vkxih7vQ",607.875183086682,"PA",-74.9503223598003,40.3617376517814
"aWYn5TveRUk2LuOExDnt1A",0.829684228964311,-1.15642999279585,0.620765744138173,-0.00624999999999999,0,0,0,-0.00624999999999999,"aWYn5TveRUk2LuOExDnt1A",427.622970613196,"PA",-74.95046,40.36339
"0yOfDyqoJTp6-9qbyroyEw",-19.8183883214137,0.354259655634285,-1.3918873994251,-0.00625000000000001,0,0,0,-0.00625000000000001,"0yOfDyqoJTp6-9qbyroyEw",248.174589059153,"PA",-74.951199,40.365703
"qjSum788eLHvKw-QCAzByQ",-77.5685516779264,-0.159966932568369,0.6173395942024,-0.00625000000000001,0,0,0,-0.00625000000000001,"qjSum788eLHvKw-QCAzByQ",600.492413088113,"PA",-74.95098,40.3618
"butL6_FAsb4k-HjC8FdjSg",-225,0,-1,-0.00625000000000001,0,0,0,-0.00625000000000001,"butL6_FAsb4k-HjC8FdjSg",1489.70135449128,"PA",-75.0679845206304,40.5216567053473
"Jb57VP06jd1cT4cHHyr0hQ",-17.3436417003035,0.631601490001044,2.34957475478916,-0.00625000000000001,0,0,0,-0.00625000000000001,"Jb57VP06jd1cT4cHHyr0hQ",1330.33970233759,"PA",-75.18271,40.67272
"zBdQVMvY0bog5XzUSxO30g",16.7705962916051,0.12132526880465,0.347538112408383,-0.00625000000000001,0,0,0,-0.00625000000000001,"zBdQVMvY0bog5XzUSxO30g",722.486895053532,"PA",-75.183219909668,40.6776438132641
"lmjzyIDbisUK9JLO1Nk1Ew",-52.4333760020898,0.116647808055483,1,-0.00625000000000001,0,0,0,-0.00625000000000001,"lmjzyIDbisUK9JLO1Nk1Ew",1347.77436716857,"PA",-75.1772699,40.77172
"XrPGxaLijRHhDxAHG6sh4g",4.98854692669166,0.0982412898933207,0.826155178656817,-0.00625000000000001,0,0,0,-0.00625000000000001,"XrPGxaLijRHhDxAHG6sh4g",528.689206029882,"PA",-75.0874471,40.8274931
"or4tiuyIiRSlQEgbi2Woyw",-9.01084985707536,-2.0273843353802,-0.127991531696846,-0.01125,0.01125,-0.01,-0.005,-0.015,"or4tiuyIiRSlQEgbi2Woyw",644.151483702921,"NM",-106.607459327196,32.0067270947938
"-O1o_YbNh29PwUmA3shsnQ",24,0.5,1,0.0025,-0.01,0,0,-0.00750000000000001,"-O1o_YbNh29PwUmA3shsnQ",1100.79318518604,"PA",-80.50475,41.2326
"8UNmTvuR4_AyILOn2jotEw",32,-0.5,0,0.0025,-0.01,0,0,-0.00750000000000001,"8UNmTvuR4_AyILOn2jotEw",729.300626364248,"PA",-80.509358,41.233058
"FSGOmNRgGltAEvR_9zFsCQ",69,-0.5,1,0.0025,-0.01,0,0,-0.00750000000000001,"FSGOmNRgGltAEvR_9zFsCQ",883.04496655538,"PA",-80.5078489,41.2314178
"0FAlm-tS7t9_Wrqaw2hfdw",39,0,1,0.0025,-0.01,0,0,-0.00750000000000001,"0FAlm-tS7t9_Wrqaw2hfdw",1120.75478418895,"PA",-80.50479,41.2345
"nhXr2RCdRNVo12HXO-oJoQ",-3,0.5,0,0.0025,-0.01,0,0,-0.00750000000000001,"nhXr2RCdRNVo12HXO-oJoQ",684.073024969888,"PA",-80.50987,41.23311
"Anhnim4CGfPMB9dvqL5YCw",-6,-0.5,0,0.0025,-0.01,0,0,-0.00750000000000001,"Anhnim4CGfPMB9dvqL5YCw",543.377384724561,"PA",-80.511718,41.2329749
"B8niNQFFyzFZsZ_PYmCErQ",-4,-1,0,0.0025,-0.01,0,0,-0.00750000000000001,"B8niNQFFyzFZsZ_PYmCErQ",778.227083810989,"PA",-80.509555,41.230594
"Gr4gtjB3l0tgINjJp6aniQ",31.1923416172625,-0.536711744669884,0.463288255330116,-0.0025,0.015,0,0,0.0125,"Gr4gtjB3l0tgINjJp6aniQ",442.150621451137,"OH",-80.5541,40.63016
"8jR6TzdPPA4gNHh-uW4l_A",26,3.5,1,0.0025,-0.015,0,0,-0.0125,"8jR6TzdPPA4gNHh-uW4l_A",1333.21873882363,"WV",-80.865565,39.64064
"xey21GEFnCw_QaATXzte4w",17,3.5,1,0.0025,-0.015,0,0,-0.0125,"xey21GEFnCw_QaATXzte4w",1148.09122459311,"WV",-80.86565,39.64231
"b6edsmte1xQc3XWp3SrHDg",16,3,1,0.0025,-0.015,0,0,-0.0125,"b6edsmte1xQc3XWp3SrHDg",830.955489849535,"WV",-80.86488,39.6451668
"gTlvz2AnDRQ_aUheYXeV4Q",5,2.5,0,0.0025,-0.015,0,0,-0.0125,"gTlvz2AnDRQ_aUheYXeV4Q",805.168588772722,"WV",-80.857759,39.6484028
"9mn4Y0tb3_IWdRT49Z4MQQ",15,3,1,0.0025,-0.015,0,0,-0.0125,"9mn4Y0tb3_IWdRT49Z4MQQ",1166.24697753561,"WV",-80.8578846,39.6439661
"q_KKUqjM6GyKz8_09U-CDw",10,2,0,0.0025,-0.015,0,0,-0.0125,"q_KKUqjM6GyKz8_09U-CDw",1350.16452944568,"WV",-80.8593377820347,39.6638402753556
"wXjqykoCMRlwd-o8no8zfQ",7,0.5,0,0.0025,-0.015,0,0,-0.0125,"wXjqykoCMRlwd-o8no8zfQ",1515.10410169038,"WV",-80.8585924655199,39.665208168673
"84FXdxwZDyDIxKvGVq41OA",1.23418877748026,0.437879755566888,-0.208771855266655,0.0025,-0.015,0,0,-0.0125,"84FXdxwZDyDIxKvGVq41OA",1110.30648604807,"WV",-82.016336,39.025574
"JIb3BkoI6s3faqytT4nkRA",-32.5377340059962,-0.00927127596545052,-0.509271275965451,-0.00249999999999999,0.015,0,0,0.0125,"JIb3BkoI6s3faqytT4nkRA",1376.76719891726,"OH",-82.5309571623802,38.4094656096451
"jNF4LueqXka0IViJC-YCHg",-46,1,-1,0.065,0.012,0,0,0.077,"jNF4LueqXka0IViJC-YCHg",1413.8195068809,"WA",-121.525036998327,45.7296095556863
"_6JFahU9elgdShYs3k90gA",56.6283251080774,0.406226944852328,-0.662221912897328,-0.027,-0.0225,0.01,0,-0.0395,"_6JFahU9elgdShYs3k90gA",439.413430467504,"VA",-82.183219,36.595538
"iTGV5EVgaANtVKR4zv2OsA",24.7737183406406,0.0617871757381798,-0.478574015318299,-0.027,-0.0225,0.01,0,-0.0395,"iTGV5EVgaANtVKR4zv2OsA",610.665381811617,"VA",-82.185131554186,36.595389192281
"h27gONRhY05ODkiKvlxrkg",-40.4974878589603,0.122434923434423,-0.428538945265668,-0.027,-0.0225,0.01,0,-0.0395,"h27gONRhY05ODkiKvlxrkg",705.474196834128,"VA",-82.1861797595323,36.5951803157935
"Ch6IYYWfp71VatYKggM2gA",-25.3552348013475,-1.00876176469718,0.453874290478867,-0.027,-0.0225,0.01,0,-0.0395,"Ch6IYYWfp71VatYKggM2gA",571.709768001511,"VA",-82.18468896579,36.5953092845422
"wNpvomx58N6VK8Pd00OfKg",-52.6233296476832,0.443547714157807,-0.66302073116414,-0.027,-0.0225,0.01,0,-0.0395,"wNpvomx58N6VK8Pd00OfKg",511.93894088464,"VA",-82.1751568,36.5995169
