State,ZipCode,TaxRegionName,StateRate,EstimatedCombinedRate,EstimatedCountyRate,EstimatedCityRate,EstimatedSpecialRate,RiskLevel
NC,27006,DAVIE COUNTY,0.0475,0.0675,0.02,0,0,6
NC,27007,SURRY COUNTY,0.0475,0.07,0.0225,0,0,2
NC,27009,FORSYTH COUNTY,0.0475,0.0675,0.02,0,0,2
NC,27010,BETHANIA,0.0475,0.0675,0.02,0,0,1
NC,27011,YADKIN COUNTY,0.0475,0.0675,0.02,0,0,4
NC,27012,CLEMMONS,0.0475,0.0675,0.02,0,0,1
NC,27013,ROWAN COUNTY,0.0475,0.07,0.0225,0,0,5
NC,27014,COOLEEMEE,0.0475,0.0675,0.02,0,0,1
NC,27016,STOKES COUNTY,0.0475,0.0675,0.02,0,0,2
NC,27017,SURRY COUNTY,0.0475,0.07,0.0225,0,0,5
NC,27018,YADKIN COUNTY,0.0475,0.0675,0.02,0,0,1
NC,27019,STOKES COUNTY,0.0475,0.0675,0.02,0,0,1
NC,27020,YADKIN COUNTY,0.0475,0.0675,0.02,0,0,7
NC,27021,STOKES COUNTY,0.0475,0.0675,0.02,0,0,1
NC,27022,STOKES COUNTY,0.0475,0.0675,0.02,0,0,2
NC,27023,LEWISVILLE,0.0475,0.0675,0.02,0,0,2
NC,27024,SURRY COUNTY,0.0475,0.07,0.0225,0,0,1
NC,27025,ROCKINGHAM COUNTY,0.0475,0.07,0.0225,0,0,2
NC,27027,MAYODAN,0.0475,0.07,0.0225,0,0,2
NC,27028,DAVIE COUNTY,0.0475,0.0675,0.02,0,0,2
NC,27030,SURRY COUNTY,0.0475,0.07,0.0225,0,0,3
NC,27031,SURRY COUNTY,0.0475,0.07,0.0225,0,0,1
NC,27040,FORSYTH COUNTY,0.0475,0.0675,0.02,0,0,3
NC,27041,SURRY COUNTY,0.0475,0.07,0.0225,0,0,1
NC,27042,STOKES COUNTY,0.0475,0.0675,0.02,0,0,1
NC,27043,STOKES COUNTY,0.0475,0.0675,0.02,0,0,4
NC,27045,FORSYTH COUNTY,0.0475,0.0675,0.02,0,0,2
NC,27046,STOKES COUNTY,0.0475,0.0675,0.02,0,0,1
NC,27047,SURRY COUNTY,0.0475,0.07,0.0225,0,0,1
NC,27048,ROCKINGHAM COUNTY,0.0475,0.07,0.0225,0,0,3
NC,27049,MOUNT AIRY,0.0475,0.07,0.0225,0,0,1
NC,27050,FORSYTH COUNTY,0.0475,0.0675,0.02,0,0,1
NC,27051,WALKERTOWN,0.0475,0.0675,0.02,0,0,1
NC,27052,STOKES COUNTY,0.0475,0.0675,0.02,0,0,3
NC,27053,STOKES COUNTY,0.0475,0.0675,0.02,0,0,1
NC,27054,ROWAN COUNTY,0.0475,0.07,0.0225,0,0,1
NC,27055,YADKIN COUNTY,0.0475,0.0675,0.02,0,0,7
NC,27094,RURAL HALL,0.0475,0.0675,0.02,0,0,2
NC,27099,RURAL HALL,0.0475,0.0675,0.02,0,0,1
NC,27101,WINSTON-SALEM,0.0475,0.0675,0.02,0,0,1
NC,27102,WINSTON-SALEM,0.0475,0.0675,0.02,0,0,1
NC,27103,WINSTON-SALEM,0.0475,0.0675,0.02,0,0,4
NC,27104,WINSTON-SALEM,0.0475,0.0675,0.02,0,0,2
NC,27105,WINSTON-SALEM,0.0475,0.0675,0.02,0,0,3
NC,27106,WINSTON-SALEM,0.0475,0.0675,0.02,0,0,3
NC,27107,WINSTON-SALEM,0.0475,0.0675,0.02,0,0,4
NC,27108,WINSTON-SALEM,0.0475,0.0675,0.02,0,0,1
NC,27109,WINSTON-SALEM,0.0475,0.0675,0.02,0,0,1
NC,27110,WINSTON-SALEM,0.0475,0.0675,0.02,0,0,1
NC,27111,WINSTON-SALEM,0.0475,0.0675,0.02,0,0,1
NC,27113,WINSTON-SALEM,0.0475,0.0675,0.02,0,0,1
NC,27114,WINSTON-SALEM,0.0475,0.0675,0.02,0,0,1
NC,27115,WINSTON-SALEM,0.0475,0.0675,0.02,0,0,1
NC,27116,WINSTON-SALEM,0.0475,0.0675,0.02,0,0,1
NC,27117,WINSTON-SALEM,0.0475,0.0675,0.02,0,0,1
NC,27120,WINSTON-SALEM,0.0475,0.0675,0.02,0,0,1
NC,27127,WINSTON-SALEM,0.0475,0.0675,0.02,0,0,2
NC,27130,WINSTON-SALEM,0.0475,0.0675,0.02,0,0,1
NC,27150,WINSTON-SALEM,0.0475,0.0675,0.02,0,0,1
NC,27152,WINSTON-SALEM,0.0475,0.0675,0.02,0,0,1
NC,27155,WINSTON-SALEM,0.0475,0.0675,0.02,0,0,1
NC,27157,WINSTON-SALEM,0.0475,0.0675,0.02,0,0,1
NC,27198,WINSTON-SALEM,0.0475,0.0675,0.02,0,0,1
NC,27199,WINSTON-SALEM,0.0475,0.0675,0.02,0,0,1
NC,27201,ALAMANCE,0.0475,0.0675,0.02,0,0,1
NC,27202,ALAMANCE COUNTY,0.0475,0.0675,0.02,0,0,1
NC,27203,ASHEBORO,0.0475,0.07,0.0225,0,0,1
NC,27205,RANDOLPH COUNTY,0.0475,0.07,0.0225,0,0,1
NC,27207,CHATHAM COUNTY,0.0475,0.0675,0.02,0,0,2
NC,27208,CHATHAM COUNTY,0.0475,0.0675,0.02,0,0,1
NC,27209,MONTGOMERY COUNTY,0.0475,0.07,0.0225,0,0,1
NC,27212,CASWELL COUNTY,0.0475,0.0675,0.02,0,0,2
NC,27213,ORANGE CO TR,0.0475,0.075,0.0225,0,0.005,1
NC,27214,GUILFORD COUNTY,0.0475,0.0675,0.02,0,0,7
NC,27215,BURLINGTON,0.0475,0.0675,0.02,0,0,3
NC,27216,BURLINGTON,0.0475,0.0675,0.02,0,0,1
NC,27217,BURLINGTON,0.0475,0.0675,0.02,0,0,2
NC,27229,MONTGOMERY COUNTY,0.0475,0.07,0.0225,0,0,2
NC,27230,HIGH POINT,0.0475,0.0675,0.02,0,0,1
NC,27231,ORANGE CO TR,0.0475,0.075,0.0225,0,0.005,1
NC,27233,RANDOLPH COUNTY,0.0475,0.07,0.0225,0,0,1
NC,27235,HIGH POINT,0.0475,0.0675,0.02,0,0,1
NC,27239,DAVIDSON COUNTY,0.0475,0.07,0.0225,0,0,6
NC,27242,MOORE COUNTY,0.0475,0.07,0.0225,0,0,1
NC,27243,ORANGE CO TR,0.0475,0.075,0.0225,0,0.005,2
NC,27244,ELON,0.0475,0.0675,0.02,0,0,3
NC,27247,ANSON COUNTY,0.0475,0.07,0.0225,0,0,1
NC,27248,RANDOLPH COUNTY,0.0475,0.07,0.0225,0,0,3
NC,27249,GIBSONVILLE,0.0475,0.0675,0.02,0,0,1
NC,27252,CHATHAM COUNTY,0.0475,0.0675,0.02,0,0,1
NC,27253,GRAHAM,0.0475,0.0675,0.02,0,0,1
NC,27256,ORANGE CO TR,0.0475,0.075,0.0225,0,0.005,1
NC,27258,ALAMANCE COUNTY,0.0475,0.0675,0.02,0,0,1
NC,27259,ANSON COUNTY,0.0475,0.07,0.0225,0,0,1
NC,27260,HIGH POINT,0.0475,0.0675,0.02,0,0,4
NC,27261,HIGH POINT,0.0475,0.0675,0.02,0,0,1
NC,27262,HIGH POINT,0.0475,0.0675,0.02,0,0,2
NC,27263,ARCHDALE,0.0475,0.07,0.0225,0,0,3
NC,27265,HIGH POINT,0.0475,0.0675,0.02,0,0,1
NC,27268,HIGH POINT,0.0475,0.0675,0.02,0,0,1
NC,27278,ORANGE CO TR,0.0475,0.075,0.0225,0,0.005,3
NC,27281,MOORE COUNTY,0.0475,0.07,0.0225,0,0,5
NC,27282,JAMESTOWN,0.0475,0.0675,0.02,0,0,1
NC,27283,GUILFORD COUNTY,0.0475,0.0675,0.02,0,0,1
NC,27284,KERNERSVILLE,0.0475,0.0675,0.02,0,0,5
NC,27285,KERNERSVILLE,0.0475,0.0675,0.02,0,0,1
NC,27288,EDEN,0.0475,0.07,0.0225,0,0,7
NC,27289,EDEN,0.0475,0.07,0.0225,0,0,1
NC,27291,CASWELL COUNTY,0.0475,0.0675,0.02,0,0,3
NC,27292,DAVIDSON COUNTY,0.0475,0.07,0.0225,0,0,20
NC,27293,LEXINGTON,0.0475,0.07,0.0225,0,0,1
NC,27294,LEXINGTON,0.0475,0.07,0.0225,0,0,1
NC,27295,DAVIDSON COUNTY,0.0475,0.07,0.0225,0,0,1
NC,27298,RANDOLPH COUNTY,0.0475,0.07,0.0225,0,0,2
NC,27299,DAVIDSON COUNTY,0.0475,0.07,0.0225,0,0,1
NC,27301,GUILFORD COUNTY,0.0475,0.0675,0.02,0,0,2
NC,27302,MEBANE,0.0475,0.0675,0.02,0,0,1
NC,27305,CASWELL COUNTY,0.0475,0.0675,0.02,0,0,2
NC,27306,MONTGOMERY COUNTY,0.0475,0.07,0.0225,0,0,2
NC,27310,OAK RIDGE,0.0475,0.0675,0.02,0,0,1
NC,27311,CASWELL COUNTY,0.0475,0.0675,0.02,0,0,1
NC,27312,CHATHAM COUNTY,0.0475,0.0675,0.02,0,0,3
NC,27313,PLEASANT GARDEN,0.0475,0.0675,0.02,0,0,1
NC,27314,CASWELL COUNTY,0.0475,0.0675,0.02,0,0,1
NC,27315,CASWELL COUNTY,0.0475,0.0675,0.02,0,0,1
NC,27316,RANDOLPH COUNTY,0.0475,0.07,0.0225,0,0,3
NC,27317,RANDOLPH COUNTY,0.0475,0.07,0.0225,0,0,3
NC,27320,REIDSVILLE,0.0475,0.07,0.0225,0,0,6
NC,27325,MOORE COUNTY,0.0475,0.07,0.0225,0,0,2
NC,27326,ROCKINGHAM COUNTY,0.0475,0.07,0.0225,0,0,6
NC,27330,SANFORD,0.0475,0.07,0.0225,0,0,11
NC,27331,SANFORD,0.0475,0.07,0.0225,0,0,1
NC,27332,LEE COUNTY,0.0475,0.07,0.0225,0,0,1
NC,27340,ALAMANCE COUNTY,0.0475,0.0675,0.02,0,0,1
NC,27341,RANDOLPH COUNTY,0.0475,0.07,0.0225,0,0,1
NC,27342,SEDALIA,0.0475,0.0675,0.02,0,0,1
NC,27343,PERSON COUNTY,0.0475,0.0675,0.02,0,0,1
NC,27344,CHATHAM COUNTY,0.0475,0.0675,0.02,0,0,2
NC,27349,ALAMANCE COUNTY,0.0475,0.0675,0.02,0,0,2
NC,27350,RANDOLPH COUNTY,0.0475,0.07,0.0225,0,0,1
NC,27351,DAVIDSON COUNTY,0.0475,0.07,0.0225,0,0,1
NC,27355,RANDOLPH COUNTY,0.0475,0.07,0.0225,0,0,2
NC,27356,MONTGOMERY COUNTY,0.0475,0.07,0.0225,0,0,1
NC,27357,ROCKINGHAM COUNTY,0.0475,0.07,0.0225,0,0,1
NC,27358,SUMMERFIELD,0.0475,0.0675,0.02,0,0,1
NC,27359,SWEPSONVILLE,0.0475,0.0675,0.02,0,0,1
NC,27360,THOMASVILLE,0.0475,0.07,0.0225,0,0,2
NC,27370,RANDOLPH COUNTY,0.0475,0.07,0.0225,0,0,1
NC,27371,MONTGOMERY COUNTY,0.0475,0.07,0.0225,0,0,8
NC,27373,HIGH POINT,0.0475,0.0675,0.02,0,0,1
NC,27374,HIGH POINT,0.0475,0.0675,0.02,0,0,1
NC,27375,HIGH POINT,0.0475,0.0675,0.02,0,0,1
NC,27376,MOORE COUNTY,0.0475,0.07,0.0225,0,0,2
NC,27377,GUILFORD COUNTY,0.0475,0.0675,0.02,0,0,2
NC,27379,CASWELL COUNTY,0.0475,0.0675,0.02,0,0,1
NC,27401,GREENSBORO,0.0475,0.0675,0.02,0,0,1
NC,27402,GREENSBORO,0.0475,0.0675,0.02,0,0,1
NC,27403,GREENSBORO,0.0475,0.0675,0.02,0,0,1
NC,27404,GREENSBORO,0.0475,0.0675,0.02,0,0,1
NC,27405,GREENSBORO,0.0475,0.0675,0.02,0,0,6
NC,27406,GREENSBORO,0.0475,0.0675,0.02,0,0,5
NC,27407,GREENSBORO,0.0475,0.0675,0.02,0,0,4
NC,27408,GREENSBORO,0.0475,0.0675,0.02,0,0,3
NC,27409,GREENSBORO,0.0475,0.0675,0.02,0,0,2
NC,27410,GREENSBORO,0.0475,0.0675,0.02,0,0,4
NC,27411,GREENSBORO,0.0475,0.0675,0.02,0,0,1
NC,27412,GREENSBORO,0.0475,0.0675,0.02,0,0,1
NC,27413,GREENSBORO,0.0475,0.0675,0.02,0,0,1
NC,27415,GREENSBORO,0.0475,0.0675,0.02,0,0,1
NC,27416,GREENSBORO,0.0475,0.0675,0.02,0,0,1
NC,27417,GREENSBORO,0.0475,0.0675,0.02,0,0,1
NC,27419,GREENSBORO,0.0475,0.0675,0.02,0,0,1
NC,27420,GREENSBORO,0.0475,0.0675,0.02,0,0,1
NC,27425,GREENSBORO,0.0475,0.0675,0.02,0,0,1
NC,27429,GREENSBORO,0.0475,0.0675,0.02,0,0,1
NC,27435,GREENSBORO,0.0475,0.0675,0.02,0,0,1
NC,27438,GREENSBORO,0.0475,0.0675,0.02,0,0,1
NC,27455,GREENSBORO,0.0475,0.0675,0.02,0,0,1
NC,27495,GREENSBORO,0.0475,0.0675,0.02,0,0,1
NC,27497,GREENSBORO,0.0475,0.0675,0.02,0,0,1
NC,27498,GREENSBORO,0.0475,0.0675,0.02,0,0,1
NC,27499,GREENSBORO,0.0475,0.0675,0.02,0,0,1
NC,27501,HARNETT COUNTY,0.0475,0.07,0.0225,0,0,1
NC,27502,APEX,0.0475,0.0725,0.02,0,0.005,1
NC,27503,DURHAM COUNTY,0.0475,0.075,0.0225,0,0.005,1
NC,27504,JOHNSTON COUNTY,0.0475,0.0675,0.02,0,0,1
NC,27505,HARNETT COUNTY,0.0475,0.07,0.0225,0,0,1
NC,27506,FAYETTEVILLE,0.0475,0.07,0.0225,0,0,1
NC,27507,GRANVILLE COUNTY,0.0475,0.0675,0.02,0,0,1
NC,27508,FRANKLIN COUNTY,0.0475,0.0675,0.02,0,0,1
NC,27509,BUTNER,0.0475,0.0675,0.02,0,0,1
NC,27510,CARRBORO,0.0475,0.075,0.0225,0,0.005,1
NC,27511,CARY,0.0475,0.0725,0.02,0,0.005,1
NC,27512,CARY,0.0475,0.0725,0.02,0,0.005,1
NC,27513,CARY,0.0475,0.0725,0.02,0,0.005,1
NC,27514,CHAPEL HILL,0.0475,0.075,0.0225,0,0.005,1
NC,27515,CHAPEL HILL,0.0475,0.075,0.0225,0,0.005,1
NC,27516,ORANGE CO TR,0.0475,0.075,0.0225,0,0.005,1
NC,27517,CHATHAM COUNTY,0.0475,0.0675,0.02,0,0,1
NC,27518,CARY,0.0475,0.0725,0.02,0,0.005,1
NC,27519,CARY,0.0475,0.0725,0.02,0,0.005,1
NC,27520,JOHNSTON COUNTY,0.0475,0.0675,0.02,0,0,2
NC,27521,HARNETT COUNTY,0.0475,0.07,0.0225,0,0,1
NC,27522,GRANVILLE COUNTY,0.0475,0.0675,0.02,0,0,1
NC,27523,CHATHAM COUNTY,0.0475,0.0675,0.02,0,0,1
NC,27524,JOHNSTON COUNTY,0.0475,0.0675,0.02,0,0,1
NC,27525,FRANKLIN COUNTY,0.0475,0.0675,0.02,0,0,1
NC,27526,FUQUAY-VARINA,0.0475,0.0725,0.02,0,0.005,2
NC,27527,JOHNSTON COUNTY,0.0475,0.0675,0.02,0,0,1
NC,27528,CLAYTON,0.0475,0.0675,0.02,0,0,1
NC,27529,GARNER,0.0475,0.0725,0.02,0,0.005,1
NC,27530,GOLDSBORO,0.0475,0.0675,0.02,0,0,4
NC,27531,GOLDSBORO,0.0475,0.0675,0.02,0,0,1
NC,27532,GOLDSBORO,0.0475,0.0675,0.02,0,0,1
NC,27533,GOLDSBORO,0.0475,0.0675,0.02,0,0,1
NC,27534,GOLDSBORO,0.0475,0.0675,0.02,0,0,1
NC,27536,VANCE COUNTY,0.0475,0.0675,0.02,0,0,1
NC,27537,VANCE COUNTY,0.0475,0.0675,0.02,0,0,1
NC,27539,WAKE COUNTY,0.0475,0.0725,0.02,0,0.005,1
NC,27540,HOLLY SPRINGS,0.0475,0.0725,0.02,0,0.005,1
NC,27541,PERSON COUNTY,0.0475,0.0675,0.02,0,0,1
NC,27542,JOHNSTON COUNTY,0.0475,0.0675,0.02,0,0,2
NC,27543,HARNETT COUNTY,0.0475,0.07,0.0225,0,0,1
NC,27544,VANCE COUNTY,0.0475,0.0675,0.02,0,0,1
NC,27545,KNIGHTDALE,0.0475,0.0725,0.02,0,0.005,1
NC,27546,HARNETT COUNTY,0.0475,0.07,0.0225,0,0,1
NC,27549,FRANKLIN COUNTY,0.0475,0.0675,0.02,0,0,2
NC,27551,WARREN COUNTY,0.0475,0.0675,0.02,0,0,1
NC,27552,FAYETTEVILLE,0.0475,0.07,0.0225,0,0,1
NC,27553,VANCE COUNTY,0.0475,0.0675,0.02,0,0,1
NC,27555,MICRO,0.0475,0.0675,0.02,0,0,1
NC,27556,MIDDLEBURG,0.0475,0.0675,0.02,0,0,1
NC,27557,JOHNSTON COUNTY,0.0475,0.0675,0.02,0,0,2
NC,27559,CHATHAM COUNTY,0.0475,0.0675,0.02,0,0,1
NC,27560,MORRISVILLE,0.0475,0.0725,0.02,0,0.005,1
NC,27562,WAKE COUNTY,0.0475,0.0725,0.02,0,0.005,1
NC,27563,WARREN COUNTY,0.0475,0.0675,0.02,0,0,1
NC,27565,GRANVILLE COUNTY,0.0475,0.0675,0.02,0,0,1
NC,27568,NASH COUNTY,0.0475,0.0675,0.02,0,0,1
NC,27569,JOHNSTON COUNTY,0.0475,0.0675,0.02,0,0,1
NC,27570,WARREN COUNTY,0.0475,0.0675,0.02,0,0,1
NC,27571,ROLESVILLE,0.0475,0.0725,0.02,0,0.005,1
NC,27572,ORANGE CO TR,0.0475,0.075,0.0225,0,0.005,1
NC,27573,ROXBORO,0.0475,0.0675,0.02,0,0,1
NC,27574,PERSON COUNTY,0.0475,0.0675,0.02,0,0,1
NC,27576,JOHNSTON COUNTY,0.0475,0.0675,0.02,0,0,1
NC,27577,JOHNSTON COUNTY,0.0475,0.0675,0.02,0,0,1
NC,27581,GRANVILLE COUNTY,0.0475,0.0675,0.02,0,0,1
NC,27582,STOVALL,0.0475,0.0675,0.02,0,0,1
NC,27583,PERSON COUNTY,0.0475,0.0675,0.02,0,0,1
NC,27584,VANCE COUNTY,0.0475,0.0675,0.02,0,0,1
NC,27586,WARREN COUNTY,0.0475,0.0675,0.02,0,0,1
NC,27587,WAKE COUNTY,0.0475,0.0725,0.02,0,0.005,1
NC,27588,WAKE FOREST,0.0475,0.0725,0.02,0,0.005,1
NC,27589,WARREN COUNTY,0.0475,0.0675,0.02,0,0,1
NC,27591,WAKE COUNTY,0.0475,0.0725,0.02,0,0.005,2
NC,27592,WAKE COUNTY,0.0475,0.0725,0.02,0,0.005,3
NC,27593,WILSON'S MILL,0.0475,0.0675,0.02,0,0,1
NC,27594,WARREN COUNTY,0.0475,0.0675,0.02,0,0,1
NC,27596,FRANKLIN COUNTY,0.0475,0.0675,0.02,0,0,1
NC,27597,WAKE COUNTY,0.0475,0.0725,0.02,0,0.005,1
NC,27599,CHAPEL HILL,0.0475,0.075,0.0225,0,0.005,1
NC,27601,RALEIGH,0.0475,0.0725,0.02,0,0.005,1
NC,27602,RALEIGH,0.0475,0.0725,0.02,0,0.005,1
NC,27603,RALEIGH,0.0475,0.0725,0.02,0,0.005,2
NC,27604,RALEIGH,0.0475,0.0725,0.02,0,0.005,5
NC,27605,RALEIGH,0.0475,0.0725,0.02,0,0.005,2
NC,27606,RALEIGH,0.0475,0.0725,0.02,0,0.005,1
NC,27607,RALEIGH,0.0475,0.0725,0.02,0,0.005,1
NC,27608,RALEIGH,0.0475,0.0725,0.02,0,0.005,2
NC,27609,RALEIGH,0.0475,0.0725,0.02,0,0.005,2
NC,27610,RALEIGH,0.0475,0.0725,0.02,0,0.005,1
NC,27611,RALEIGH,0.0475,0.0725,0.02,0,0.005,1
NC,27612,RALEIGH,0.0475,0.0725,0.02,0,0.005,3
NC,27613,RALEIGH,0.0475,0.0725,0.02,0,0.005,1
NC,27614,RALEIGH,0.0475,0.0725,0.02,0,0.005,2
NC,27615,RALEIGH,0.0475,0.0725,0.02,0,0.005,1
NC,27616,RALEIGH,0.0475,0.0725,0.02,0,0.005,2
NC,27617,RALEIGH,0.0475,0.0725,0.02,0,0.005,1
NC,27619,RALEIGH,0.0475,0.0725,0.02,0,0.005,1
NC,27620,RALEIGH,0.0475,0.0725,0.02,0,0.005,1
NC,27621,RALEIGH,0.0475,0.0725,0.02,0,0.005,1
NC,27622,RALEIGH,0.0475,0.0725,0.02,0,0.005,1
NC,27623,RALEIGH,0.0475,0.0725,0.02,0,0.005,2
NC,27624,RALEIGH,0.0475,0.0725,0.02,0,0.005,1
NC,27625,RALEIGH,0.0475,0.0725,0.02,0,0.005,1
NC,27627,RALEIGH,0.0475,0.0725,0.02,0,0.005,1
NC,27628,RALEIGH,0.0475,0.0725,0.02,0,0.005,1
NC,27629,RALEIGH,0.0475,0.0725,0.02,0,0.005,1
NC,27635,RALEIGH,0.0475,0.0725,0.02,0,0.005,1
NC,27636,RALEIGH,0.0475,0.0725,0.02,0,0.005,1
NC,27640,RALEIGH,0.0475,0.0725,0.02,0,0.005,1
NC,27656,RALEIGH,0.0475,0.0725,0.02,0,0.005,1
NC,27658,RALEIGH,0.0475,0.0725,0.02,0,0.005,1
NC,27661,RALEIGH,0.0475,0.0725,0.02,0,0.005,1
NC,27668,RALEIGH,0.0475,0.0725,0.02,0,0.005,1
NC,27675,RALEIGH,0.0475,0.0725,0.02,0,0.005,2
NC,27676,RALEIGH,0.0475,0.0725,0.02,0,0.005,1
NC,27690,RALEIGH,0.0475,0.0725,0.02,0,0.005,1
NC,27695,RALEIGH,0.0475,0.0725,0.02,0,0.005,1
NC,27697,RALEIGH,0.0475,0.0725,0.02,0,0.005,1
NC,27698,RALEIGH,0.0475,0.0725,0.02,0,0.005,1
NC,27699,RALEIGH,0.0475,0.0725,0.02,0,0.005,1
NC,27701,DURHAM,0.0475,0.075,0.0225,0,0.005,2
NC,27702,DURHAM,0.0475,0.075,0.0225,0,0.005,1
NC,27703,DURHAM,0.0475,0.075,0.0225,0,0.005,2
NC,27704,DURHAM,0.0475,0.075,0.0225,0,0.005,1
NC,27705,DURHAM,0.0475,0.075,0.0225,0,0.005,1
NC,27706,DURHAM,0.0475,0.075,0.0225,0,0.005,1
NC,27707,DURHAM,0.0475,0.075,0.0225,0,0.005,2
NC,27708,DURHAM,0.0475,0.075,0.0225,0,0.005,2
NC,27709,DURHAM COUNTY,0.0475,0.075,0.0225,0,0.005,1
NC,27710,DURHAM,0.0475,0.075,0.0225,0,0.005,1
NC,27711,DURHAM COUNTY,0.0475,0.075,0.0225,0,0.005,1
NC,27712,DURHAM COUNTY,0.0475,0.075,0.0225,0,0.005,3
NC,27713,DURHAM,0.0475,0.075,0.0225,0,0.005,1
NC,27715,DURHAM,0.0475,0.075,0.0225,0,0.005,1
NC,27717,DURHAM,0.0475,0.075,0.0225,0,0.005,1
NC,27722,DURHAM,0.0475,0.075,0.0225,0,0.005,1
NC,27801,ROCKY MOUNT,0.0475,0.07,0.0225,0,0,3
NC,27802,ROCKY MOUNT,0.0475,0.07,0.0225,0,0,2
NC,27803,ROCKY MOUNT,0.0475,0.0675,0.02,0,0,2
NC,27804,ROCKY MOUNT,0.0475,0.0675,0.02,0,0,2
NC,27805,BERTIE COUNTY,0.0475,0.0675,0.02,0,0,1
NC,27806,BEAUFORT COUNTY,0.0475,0.0675,0.02,0,0,2
NC,27807,NASH COUNTY,0.0475,0.0675,0.02,0,0,1
NC,27808,BEAUFORT COUNTY,0.0475,0.0675,0.02,0,0,1
NC,27809,NASH COUNTY,0.0475,0.0675,0.02,0,0,2
NC,27810,BEAUFORT COUNTY,0.0475,0.0675,0.02,0,0,1
NC,27811,PITT COUNTY,0.0475,0.07,0.0225,0,0,1
NC,27812,BETHEL,0.0475,0.07,0.0225,0,0,1
NC,27813,BLACK CREEK,0.0475,0.0675,0.02,0,0,1
NC,27814,BEAUFORT COUNTY,0.0475,0.0675,0.02,0,0,1
NC,27815,EDGECOMBE COUNTY,0.0475,0.07,0.0225,0,0,1
NC,27816,NASH COUNTY,0.0475,0.0675,0.02,0,0,1
NC,27817,BEAUFORT COUNTY,0.0475,0.0675,0.02,0,0,1
NC,27818,HERTFORD COUNTY,0.0475,0.07,0.0225,0,0,1
NC,27819,CONETOE,0.0475,0.07,0.0225,0,0,1
NC,27820,NORTHAMPTON COUNTY,0.0475,0.0675,0.02,0,0,2
NC,27821,BEAUFORT COUNTY,0.0475,0.0675,0.02,0,0,1
NC,27822,WILSON COUNTY,0.0475,0.0675,0.02,0,0,1
NC,27823,HALIFAX COUNTY,0.0475,0.07,0.0225,0,0,1
NC,27824,HYDE COUNTY,0.0475,0.0675,0.02,0,0,1
NC,27825,EVERETTS,0.0475,0.07,0.0225,0,0,1
NC,27826,HYDE COUNTY,0.0475,0.0675,0.02,0,0,1
NC,27827,FALKLAND,0.0475,0.07,0.0225,0,0,1
NC,27828,FARMVILLE,0.0475,0.07,0.0225,0,0,1
NC,27829,PITT COUNTY,0.0475,0.07,0.0225,0,0,1
NC,27830,WAYNE COUNTY,0.0475,0.0675,0.02,0,0,2
NC,27831,NORTHAMPTON COUNTY,0.0475,0.0675,0.02,0,0,2
NC,27832,NORTHAMPTON COUNTY,0.0475,0.0675,0.02,0,0,1
NC,27833,GREENVILLE,0.0475,0.07,0.0225,0,0,1
NC,27834,GREENVILLE,0.0475,0.07,0.0225,0,0,2
NC,27835,GREENVILLE,0.0475,0.07,0.0225,0,0,1
NC,27836,GREENVILLE,0.0475,0.07,0.0225,0,0,1
NC,27837,PITT COUNTY,0.0475,0.07,0.0225,0,0,1
NC,27839,HALIFAX COUNTY,0.0475,0.07,0.0225,0,0,1
NC,27840,MARTIN COUNTY,0.0475,0.07,0.0225,0,0,1
NC,27841,HASSELL,0.0475,0.07,0.0225,0,0,1
NC,27842,NORTHAMPTON COUNTY,0.0475,0.0675,0.02,0,0,1
NC,27843,HALIFAX COUNTY,0.0475,0.07,0.0225,0,0,1
NC,27844,HALIFAX COUNTY,0.0475,0.07,0.0225,0,0,2
NC,27845,NORTHAMPTON COUNTY,0.0475,0.0675,0.02,0,0,2
NC,27846,JAMESVILLE,0.0475,0.07,0.0225,0,0,1
NC,27847,BERTIE COUNTY,0.0475,0.0675,0.02,0,0,1
NC,27849,BERTIE COUNTY,0.0475,0.0675,0.02,0,0,3
NC,27850,HALIFAX COUNTY,0.0475,0.07,0.0225,0,0,1
NC,27851,WILSON COUNTY,0.0475,0.0675,0.02,0,0,2
NC,27852,EDGECOMBE COUNTY,0.0475,0.07,0.0225,0,0,2
NC,27853,NORTHAMPTON COUNTY,0.0475,0.0675,0.02,0,0,2
NC,27855,MURFREESBORO,0.0475,0.07,0.0225,0,0,1
NC,27856,NASH COUNTY,0.0475,0.0675,0.02,0,0,2
NC,27857,MARTIN COUNTY,0.0475,0.07,0.0225,0,0,1
NC,27858,GREENVILLE,0.0475,0.07,0.0225,0,0,1
NC,27860,BEAUFORT COUNTY,0.0475,0.0675,0.02,0,0,1
NC,27861,ROBERSONVILLE,0.0475,0.07,0.0225,0,0,1
NC,27862,NORTHAMPTON COUNTY,0.0475,0.0675,0.02,0,0,1
NC,27863,WAYNE COUNTY,0.0475,0.0675,0.02,0,0,1
NC,27864,EDGECOMBE COUNTY,0.0475,0.07,0.0225,0,0,1
NC,27865,BEAUFORT COUNTY,0.0475,0.0675,0.02,0,0,1
NC,27866,NORTHAMPTON COUNTY,0.0475,0.0675,0.02,0,0,1
NC,27867,NORTHAMPTON COUNTY,0.0475,0.0675,0.02,0,0,1
NC,27868,RED OAK,0.0475,0.0675,0.02,0,0,1
NC,27869,NORTHAMPTON COUNTY,0.0475,0.0675,0.02,0,0,1
NC,27870,ROANOKE RAPIDS,0.0475,0.07,0.0225,0,0,2
NC,27871,ROBERSONVILLE,0.0475,0.07,0.0225,0,0,2
NC,27872,ROXOBEL,0.0475,0.0675,0.02,0,0,1
NC,27873,SARATOGA,0.0475,0.0675,0.02,0,0,1
NC,27874,HALIFAX COUNTY,0.0475,0.07,0.0225,0,0,1
NC,27875,HYDE COUNTY,0.0475,0.0675,0.02,0,0,1
NC,27876,NORTHAMPTON COUNTY,0.0475,0.0675,0.02,0,0,1
NC,27877,SEVERN,0.0475,0.0675,0.02,0,0,1
NC,27878,SHARPSBURG,0.0475,0.0675,0.02,0,0,1
NC,27879,SIMPSON,0.0475,0.07,0.0225,0,0,1
NC,27880,WILSON COUNTY,0.0475,0.0675,0.02,0,0,1
NC,27881,SPEED,0.0475,0.07,0.0225,0,0,1
NC,27882,NASH COUNTY,0.0475,0.0675,0.02,0,0,1
NC,27883,GREENE COUNTY,0.0475,0.07,0.0225,0,0,1
NC,27884,PITT COUNTY,0.0475,0.07,0.0225,0,0,1
NC,27885,HYDE COUNTY,0.0475,0.0675,0.02,0,0,1
NC,27886,TARBORO,0.0475,0.07,0.0225,0,0,3
NC,27887,BERTIE COUNTY,0.0475,0.0675,0.02,0,0,1
NC,27888,GREENE COUNTY,0.0475,0.07,0.0225,0,0,1
NC,27889,BEAUFORT COUNTY,0.0475,0.0675,0.02,0,0,2
NC,27890,WELDON,0.0475,0.07,0.0225,0,0,1
NC,27891,NASH COUNTY,0.0475,0.0675,0.02,0,0,1
NC,27892,MARTIN COUNTY,0.0475,0.07,0.0225,0,0,3
NC,27893,WILSON,0.0475,0.0675,0.02,0,0,1
NC,27894,WILSON,0.0475,0.0675,0.02,0,0,1
NC,27895,WILSON,0.0475,0.0675,0.02,0,0,1
NC,27896,WILSON,0.0475,0.0675,0.02,0,0,1
NC,27897,NORTHAMPTON COUNTY,0.0475,0.0675,0.02,0,0,2
NC,27906,ELIZABETH CITY,0.0475,0.07,0.0225,0,0,1
NC,27907,ELIZABETH CITY,0.0475,0.07,0.0225,0,0,1
NC,27909,ELIZABETH CITY,0.0475,0.07,0.0225,0,0,1
NC,27910,AHOSKIE,0.0475,0.07,0.0225,0,0,1
NC,27915,AVON,0.0475,0.0675,0.02,0,0,2
NC,27916,MAINLAND,0.0475,0.0675,0.02,0,0,1
NC,27917,MAINLAND,0.0475,0.0675,0.02,0,0,1
NC,27919,PERQUIMANS COUNTY,0.0475,0.0675,0.02,0,0,1
NC,27920,BUXTON,0.0475,0.0675,0.02,0,0,1
NC,27921,CAMDEN COUNTY,0.0475,0.0675,0.02,0,0,2
NC,27922,HERTFORD COUNTY,0.0475,0.07,0.0225,0,0,1
NC,27923,MAINLAND,0.0475,0.0675,0.02,0,0,1
NC,27924,BERTIE COUNTY,0.0475,0.0675,0.02,0,0,1
NC,27925,TYRRELL COUNTY,0.0475,0.0675,0.02,0,0,1
NC,27926,GATES COUNTY,0.0475,0.0675,0.02,0,0,1
NC,27927,OUTER BANKS,0.0475,0.0675,0.02,0,0,1
NC,27928,WASHINGTON COUNTY,0.0475,0.0675,0.02,0,0,1
NC,27929,CURRITUCK,0.0475,0.0675,0.02,0,0,3
NC,27932,CHOWAN COUNTY,0.0475,0.0675,0.02,0,0,1
NC,27935,GATES COUNTY,0.0475,0.0675,0.02,0,0,1
NC,27936,FRISCO,0.0475,0.0675,0.02,0,0,1
NC,27937,GATES COUNTY,0.0475,0.0675,0.02,0,0,1
NC,27938,GATES COUNTY,0.0475,0.0675,0.02,0,0,1
NC,27939,MAINLAND,0.0475,0.0675,0.02,0,0,1
NC,27941,MAINLAND,0.0475,0.0675,0.02,0,0,1
NC,27942,HERTFORD COUNTY,0.0475,0.07,0.0225,0,0,1
NC,27943,HATTERAS,0.0475,0.0675,0.02,0,0,1
NC,27944,PERQUIMANS COUNTY,0.0475,0.0675,0.02,0,0,1
NC,27946,GATES COUNTY,0.0475,0.0675,0.02,0,0,1
NC,27947,MAINLAND,0.0475,0.0675,0.02,0,0,1
NC,27948,KILL DEVIL HILLS,0.0475,0.0675,0.02,0,0,1
NC,27949,KITTY HAWK,0.0475,0.0675,0.02,0,0,5
NC,27950,OUTER BANKS,0.0475,0.0675,0.02,0,0,2
NC,27953,MANNS HARBOR,0.0475,0.0675,0.02,0,0,2
NC,27954,ROANOKE ISLAND MAINLAND UNINCORP,0.0475,0.0675,0.02,0,0,2
NC,27956,MAINLAND,0.0475,0.0675,0.02,0,0,1
NC,27957,BERTIE COUNTY,0.0475,0.0675,0.02,0,0,1
NC,27958,MAINLAND,0.0475,0.0675,0.02,0,0,1
NC,27959,NAGS HEAD,0.0475,0.0675,0.02,0,0,1
NC,27960,OCRACOKE,0.0475,0.0675,0.02,0,0,2
NC,27962,WASHINGTON COUNTY,0.0475,0.0675,0.02,0,0,1
NC,27964,MAINLAND,0.0475,0.0675,0.02,0,0,1
NC,27965,MAINLAND,0.0475,0.0675,0.02,0,0,1
NC,27966,MAINLAND,0.0475,0.0675,0.02,0,0,1
NC,27967,POWELLSVILLE,0.0475,0.0675,0.02,0,0,1
NC,27968,RODANTHE,0.0475,0.0675,0.02,0,0,1
NC,27969,GATES COUNTY,0.0475,0.0675,0.02,0,0,1
NC,27970,WASHINGTON COUNTY,0.0475,0.0675,0.02,0,0,1
NC,27973,MAINLAND,0.0475,0.0675,0.02,0,0,1
NC,27974,CAMDEN COUNTY,0.0475,0.0675,0.02,0,0,1
NC,27976,CAMDEN COUNTY,0.0475,0.0675,0.02,0,0,1
NC,27978,DARE COUNTY,0.0475,0.0675,0.02,0,0,1
NC,27979,GATES COUNTY,0.0475,0.0675,0.02,0,0,1
NC,27980,CHOWAN COUNTY,0.0475,0.0675,0.02,0,0,1
NC,27981,WANCHESE,0.0475,0.0675,0.02,0,0,1
NC,27983,BERTIE COUNTY,0.0475,0.0675,0.02,0,0,2
NC,27985,WINFALL,0.0475,0.0675,0.02,0,0,1
NC,27986,WINTON,0.0475,0.07,0.0225,0,0,1
NC,28001,ALBEMARLE,0.0475,0.07,0.0225,0,0,7
NC,28002,ALBEMARLE,0.0475,0.07,0.0225,0,0,1
NC,28006,GASTON COUNTY,0.0475,0.07,0.0225,0,0,1
NC,28007,ANSON COUNTY,0.0475,0.07,0.0225,0,0,1
NC,28009,BADIN,0.0475,0.07,0.0225,0,0,1
NC,28010,IREDELL COUNTY,0.0475,0.0675,0.02,0,0,2
NC,28012,BELMONT,0.0475,0.07,0.0225,0,0,2
NC,28016,BESSEMER CITY,0.0475,0.07,0.0225,0,0,1
NC,28017,BOILING SPRINGS,0.0475,0.0675,0.02,0,0,1
NC,28018,RUTHERFORD COUNTY,0.0475,0.07,0.0225,0,0,7
NC,28019,RUTHERFORD COUNTY,0.0475,0.07,0.0225,0,0,1
NC,28020,CLEVELAND COUNTY,0.0475,0.0675,0.02,0,0,1
NC,28021,CHERRYVILLE,0.0475,0.07,0.0225,0,0,2
NC,28023,ROWAN COUNTY,0.0475,0.07,0.0225,0,0,1
NC,28024,RUTHERFORD COUNTY,0.0475,0.07,0.0225,0,0,1
NC,28025,CONCORD,0.0475,0.07,0.0225,0,0,4
NC,28026,CONCORD,0.0475,0.07,0.0225,0,0,1
NC,28027,CONCORD,0.0475,0.07,0.0225,0,0,1
NC,28031,CORNELIUS,0.0475,0.0725,0.02,0,0.005,1
NC,28032,CRAMERTON,0.0475,0.07,0.0225,0,0,1
NC,28033,LINCOLN COUNTY,0.0475,0.07,0.0225,0,0,1
NC,28034,GASTON COUNTY,0.0475,0.07,0.0225,0,0,1
NC,28036,DAVIDSON,0.0475,0.0725,0.02,0,0.005,1
NC,28037,LINCOLN COUNTY,0.0475,0.07,0.0225,0,0,1
NC,28038,EARL,0.0475,0.0675,0.02,0,0,1
NC,28039,EAST SPENCER,0.0475,0.07,0.0225,0,0,1
NC,28040,RUTHERFORD COUNTY,0.0475,0.07,0.0225,0,0,3
NC,28041,FAITH,0.0475,0.07,0.0225,0,0,1
NC,28042,FALLSTON,0.0475,0.0675,0.02,0,0,1
NC,28043,RUTHERFORD COUNTY,0.0475,0.07,0.0225,0,0,2
NC,28052,GASTONIA,0.0475,0.07,0.0225,0,0,9
NC,28053,GASTONIA,0.0475,0.07,0.0225,0,0,1
NC,28054,GASTONIA,0.0475,0.07,0.0225,0,0,4
NC,28055,GASTONIA,0.0475,0.07,0.0225,0,0,1
NC,28056,GASTON COUNTY,0.0475,0.07,0.0225,0,0,1
NC,28070,HUNTERSVILLE,0.0475,0.0725,0.02,0,0.005,1
NC,28071,ROWAN COUNTY,0.0475,0.07,0.0225,0,0,1
NC,28072,GRANITE QUARRY,0.0475,0.07,0.0225,0,0,1
NC,28073,GROVER,0.0475,0.0675,0.02,0,0,1
NC,28074,RUTHERFORD COUNTY,0.0475,0.07,0.0225,0,0,1
NC,28075,HARRISBURG,0.0475,0.07,0.0225,0,0,1
NC,28076,RUTHERFORD COUNTY,0.0475,0.07,0.0225,0,0,1
NC,28077,HIGH SHOALS,0.0475,0.07,0.0225,0,0,1
NC,28078,HUNTERSVILLE,0.0475,0.0725,0.02,0,0.005,4
NC,28079,INDIAN TRAIL,0.0475,0.0675,0.02,0,0,5
NC,28080,LINCOLN COUNTY,0.0475,0.07,0.0225,0,0,1
NC,28081,KANNAPOLIS,0.0475,0.07,0.0225,0,0,6
NC,28082,KANNAPOLIS,0.0475,0.07,0.0225,0,0,1
NC,28083,KANNAPOLIS,0.0475,0.07,0.0225,0,0,1
NC,28086,KINGS MOUNTAIN,0.0475,0.0675,0.02,0,0,1
NC,28088,LANDIS,0.0475,0.07,0.0225,0,0,1
NC,28089,LATTIMORE,0.0475,0.0675,0.02,0,0,1
NC,28090,CLEVELAND COUNTY,0.0475,0.0675,0.02,0,0,5
NC,28091,ANSON COUNTY,0.0475,0.07,0.0225,0,0,1
NC,28092,LINCOLN COUNTY,0.0475,0.07,0.0225,0,0,2
NC,28093,LINCOLNTON,0.0475,0.07,0.0225,0,0,1
NC,28097,LOCUST,0.0475,0.07,0.0225,0,0,2
NC,28098,LOWELL,0.0475,0.07,0.0225,0,0,1
NC,28101,MCADENVILLE,0.0475,0.07,0.0225,0,0,1
NC,28102,MCFARLAN,0.0475,0.07,0.0225,0,0,1
NC,28103,UNION COUNTY,0.0475,0.0675,0.02,0,0,1
NC,28104,STALLINGS,0.0475,0.0675,0.02,0,0,5
NC,28105,MATTHEWS,0.0475,0.0725,0.02,0,0.005,2
NC,28106,MATTHEWS,0.0475,0.0725,0.02,0,0.005,2
NC,28107,CABARRUS COUNTY,0.0475,0.07,0.0225,0,0,1
NC,28108,MINERAL SPRINGS,0.0475,0.0675,0.02,0,0,1
NC,28109,ANSON COUNTY,0.0475,0.07,0.0225,0,0,1
NC,28110,MONROE,0.0475,0.0675,0.02,0,0,2
NC,28111,MONROE,0.0475,0.0675,0.02,0,0,1
NC,28112,MONROE,0.0475,0.0675,0.02,0,0,1
NC,28114,MOORESBORO,0.0475,0.0675,0.02,0,0,1
NC,28115,MOORESVILLE,0.0475,0.0675,0.02,0,0,4
NC,28117,MOORESVILLE,0.0475,0.0675,0.02,0,0,1
NC,28119,ANSON COUNTY,0.0475,0.07,0.0225,0,0,1
NC,28120,MOUNT HOLLY,0.0475,0.07,0.0225,0,0,1
NC,28123,IREDELL COUNTY,0.0475,0.0675,0.02,0,0,2
NC,28124,CABARRUS COUNTY,0.0475,0.07,0.0225,0,0,1
NC,28125,ROWAN COUNTY,0.0475,0.07,0.0225,0,0,2
NC,28126,CHARLOTTE,0.0475,0.0725,0.02,0,0.005,1
NC,28127,STANLY COUNTY,0.0475,0.07,0.0225,0,0,2
NC,28128,STANLY COUNTY,0.0475,0.07,0.0225,0,0,4
NC,28129,STANLY COUNTY,0.0475,0.07,0.0225,0,0,3
NC,28130,CHARLOTTE,0.0475,0.0725,0.02,0,0.005,1
NC,28133,ANSON COUNTY,0.0475,0.07,0.0225,0,0,3
NC,28134,PINEVILLE,0.0475,0.0725,0.02,0,0.005,1
NC,28135,ANSON COUNTY,0.0475,0.07,0.0225,0,0,1
NC,28136,POLKVILLE,0.0475,0.0675,0.02,0,0,2
NC,28137,ROWAN COUNTY,0.0475,0.07,0.0225,0,0,2
NC,28138,ROWAN COUNTY,0.0475,0.07,0.0225,0,0,1
NC,28139,RUTHERFORD COUNTY,0.0475,0.07,0.0225,0,0,6
NC,28144,SALISBURY,0.0475,0.07,0.0225,0,0,2
NC,28145,SALISBURY,0.0475,0.07,0.0225,0,0,1
NC,28146,ROWAN COUNTY,0.0475,0.07,0.0225,0,0,2
NC,28147,ROWAN COUNTY,0.0475,0.07,0.0225,0,0,1
NC,28150,SHELBY,0.0475,0.0675,0.02,0,0,3
NC,28151,SHELBY,0.0475,0.0675,0.02,0,0,1
NC,28152,CLEVELAND COUNTY,0.0475,0.0675,0.02,0,0,1
NC,28159,SPENCER,0.0475,0.07,0.0225,0,0,1
NC,28160,SPINDALE,0.0475,0.07,0.0225,0,0,1
NC,28163,STANLY COUNTY,0.0475,0.07,0.0225,0,0,1
NC,28164,GASTON COUNTY,0.0475,0.07,0.0225,0,0,2
NC,28166,IREDELL COUNTY,0.0475,0.0675,0.02,0,0,2
NC,28167,RUTHERFORD COUNTY,0.0475,0.07,0.0225,0,0,1
NC,28168,LINCOLN COUNTY,0.0475,0.07,0.0225,0,0,1
NC,28169,WACO,0.0475,0.0675,0.02,0,0,1
NC,28170,ANSON COUNTY,0.0475,0.07,0.0225,0,0,1
NC,28173,UNION COUNTY,0.0475,0.0675,0.02,0,0,2
NC,28174,UNION COUNTY,0.0475,0.0675,0.02,0,0,1
NC,28201,CHARLOTTE,0.0475,0.0725,0.02,0,0.005,1
NC,28202,CHARLOTTE,0.0475,0.0725,0.02,0,0.005,1
NC,28203,CHARLOTTE,0.0475,0.0725,0.02,0,0.005,1
NC,28204,CHARLOTTE,0.0475,0.0725,0.02,0,0.005,1
NC,28205,CHARLOTTE,0.0475,0.0725,0.02,0,0.005,1
NC,28206,CHARLOTTE,0.0475,0.0725,0.02,0,0.005,1
NC,28207,CHARLOTTE,0.0475,0.0725,0.02,0,0.005,1
NC,28208,CHARLOTTE,0.0475,0.0725,0.02,0,0.005,1
NC,28209,CHARLOTTE,0.0475,0.0725,0.02,0,0.005,1
NC,28210,CHARLOTTE,0.0475,0.0725,0.02,0,0.005,1
NC,28211,CHARLOTTE,0.0475,0.0725,0.02,0,0.005,1
NC,28212,CHARLOTTE,0.0475,0.0725,0.02,0,0.005,1
NC,28213,CHARLOTTE,0.0475,0.0725,0.02,0,0.005,1
NC,28214,CHARLOTTE,0.0475,0.0725,0.02,0,0.005,1
NC,28215,CHARLOTTE,0.0475,0.0725,0.02,0,0.005,1
NC,28216,CHARLOTTE,0.0475,0.0725,0.02,0,0.005,1
NC,28217,CHARLOTTE,0.0475,0.0725,0.02,0,0.005,1
NC,28219,CHARLOTTE,0.0475,0.0725,0.02,0,0.005,1
NC,28220,CHARLOTTE,0.0475,0.0725,0.02,0,0.005,1
NC,28221,CHARLOTTE,0.0475,0.0725,0.02,0,0.005,1
NC,28222,CHARLOTTE,0.0475,0.0725,0.02,0,0.005,1
NC,28223,CHARLOTTE,0.0475,0.0725,0.02,0,0.005,1
NC,28224,CHARLOTTE,0.0475,0.0725,0.02,0,0.005,1
NC,28226,CHARLOTTE,0.0475,0.0725,0.02,0,0.005,1
NC,28227,MINT HILL,0.0475,0.0725,0.02,0,0.005,2
NC,28228,CHARLOTTE,0.0475,0.0725,0.02,0,0.005,1
NC,28229,CHARLOTTE,0.0475,0.0725,0.02,0,0.005,1
NC,28230,CHARLOTTE,0.0475,0.0725,0.02,0,0.005,1
NC,28231,CHARLOTTE,0.0475,0.0725,0.02,0,0.005,1
NC,28232,CHARLOTTE,0.0475,0.0725,0.02,0,0.005,1
NC,28233,CHARLOTTE,0.0475,0.0725,0.02,0,0.005,1
NC,28234,CHARLOTTE,0.0475,0.0725,0.02,0,0.005,1
NC,28235,CHARLOTTE,0.0475,0.0725,0.02,0,0.005,1
NC,28236,CHARLOTTE,0.0475,0.0725,0.02,0,0.005,1
NC,28237,CHARLOTTE,0.0475,0.0725,0.02,0,0.005,1
NC,28241,CHARLOTTE,0.0475,0.0725,0.02,0,0.005,1
NC,28242,CHARLOTTE,0.0475,0.0725,0.02,0,0.005,1
NC,28243,CHARLOTTE,0.0475,0.0725,0.02,0,0.005,1
NC,28244,CHARLOTTE,0.0475,0.0725,0.02,0,0.005,1
NC,28246,CHARLOTTE,0.0475,0.0725,0.02,0,0.005,1
NC,28247,PINEVILLE,0.0475,0.0725,0.02,0,0.005,1
NC,28250,CHARLOTTE,0.0475,0.0725,0.02,0,0.005,1
NC,28253,CHARLOTTE,0.0475,0.0725,0.02,0,0.005,1
NC,28256,CHARLOTTE,0.0475,0.0725,0.02,0,0.005,1
NC,28262,CHARLOTTE,0.0475,0.0725,0.02,0,0.005,1
NC,28266,CHARLOTTE,0.0475,0.0725,0.02,0,0.005,1
NC,28269,CHARLOTTE,0.0475,0.0725,0.02,0,0.005,1
NC,28270,CHARLOTTE,0.0475,0.0725,0.02,0,0.005,1
NC,28271,CHARLOTTE,0.0475,0.0725,0.02,0,0.005,1
NC,28273,CHARLOTTE,0.0475,0.0725,0.02,0,0.005,1
NC,28274,CHARLOTTE,0.0475,0.0725,0.02,0,0.005,1
NC,28277,CHARLOTTE,0.0475,0.0725,0.02,0,0.005,1
NC,28278,MECKLENBURG COUNTY NASCAR HALL OF FAME TAX,0.0475,0.0725,0.02,0,0.005,1
NC,28280,CHARLOTTE,0.0475,0.0725,0.02,0,0.005,1
NC,28281,CHARLOTTE,0.0475,0.0725,0.02,0,0.005,1
NC,28282,CHARLOTTE,0.0475,0.0725,0.02,0,0.005,1
NC,28284,CHARLOTTE,0.0475,0.0725,0.02,0,0.005,1
NC,28285,CHARLOTTE,0.0475,0.0725,0.02,0,0.005,1
NC,28287,CHARLOTTE,0.0475,0.0725,0.02,0,0.005,1
NC,28288,CHARLOTTE,0.0475,0.0725,0.02,0,0.005,1
NC,28297,CHARLOTTE,0.0475,0.0725,0.02,0,0.005,1
NC,28299,CHARLOTTE,0.0475,0.0725,0.02,0,0.005,1
NC,28301,FAYETTEVILLE,0.0475,0.07,0.0225,0,0,5
NC,28302,FAYETTEVILLE,0.0475,0.07,0.0225,0,0,1
NC,28303,FAYETTEVILLE,0.0475,0.07,0.0225,0,0,2
NC,28304,FAYETTEVILLE,0.0475,0.07,0.0225,0,0,2
NC,28305,FAYETTEVILLE,0.0475,0.07,0.0225,0,0,2
NC,28306,CUMBERLAND CO OUTSIDE FORT BRAGG AND POPE AFB SP,0.0475,0.07,0.0225,0,0,2
NC,28307,FAYETTEVILLE,0.0475,0.07,0.0225,0,0,2
NC,28308,POPE AIR FORCE BASE SP,0.0475,0.07,0.0225,0,0,1
NC,28309,FAYETTEVILLE,0.0475,0.07,0.0225,0,0,1
NC,28310,FAYETTEVILLE,0.0475,0.07,0.0225,0,0,1
NC,28311,FAYETTEVILLE,0.0475,0.07,0.0225,0,0,1
NC,28312,CUMBERLAND CO OUTSIDE FORT BRAGG AND POPE AFB SP,0.0475,0.07,0.0225,0,0,2
NC,28314,FAYETTEVILLE,0.0475,0.07,0.0225,0,0,1
NC,28315,ABERDEEN,0.0475,0.07,0.0225,0,0,1
NC,28318,SAMPSON COUNTY,0.0475,0.07,0.0225,0,0,1
NC,28320,BLADEN COUNTY,0.0475,0.0675,0.02,0,0,2
NC,28323,HARNETT COUNTY,0.0475,0.07,0.0225,0,0,1
NC,28325,CALYPSO,0.0475,0.07,0.0225,0,0,1
NC,28326,HARNETT COUNTY,0.0475,0.07,0.0225,0,0,1
NC,28327,MOORE COUNTY,0.0475,0.07,0.0225,0,0,2
NC,28328,SAMPSON COUNTY,0.0475,0.07,0.0225,0,0,1
NC,28329,CLINTON,0.0475,0.07,0.0225,0,0,1
NC,28330,ANSON COUNTY,0.0475,0.07,0.0225,0,0,1
NC,28331,FAYETTEVILLE,0.0475,0.07,0.0225,0,0,1
NC,28332,DUBLIN,0.0475,0.0675,0.02,0,0,1
NC,28333,WAYNE COUNTY,0.0475,0.0675,0.02,0,0,1
NC,28334,DUNN,0.0475,0.07,0.0225,0,0,1
NC,28337,BLADEN COUNTY,0.0475,0.0675,0.02,0,0,2
NC,28338,RICHMOND COUNTY,0.0475,0.0675,0.02,0,0,1
NC,28339,ERWIN,0.0475,0.07,0.0225,0,0,1
NC,28340,ROBESON COUNTY,0.0475,0.07,0.0225,0,0,2
NC,28341,SAMPSON COUNTY,0.0475,0.07,0.0225,0,0,1
NC,28342,FALCON,0.0475,0.07,0.0225,0,0,1
NC,28343,SCOTLAND COUNTY,0.0475,0.0675,0.02,0,0,1
NC,28344,SAMPSON COUNTY,0.0475,0.07,0.0225,0,0,1
NC,28345,HAMLET,0.0475,0.0675,0.02,0,0,1
NC,28347,HOFFMAN,0.0475,0.0675,0.02,0,0,1
NC,28348,CUMBERLAND CO OUTSIDE FORT BRAGG AND POPE AFB SP,0.0475,0.07,0.0225,0,0,1
NC,28349,DUPLIN COUNTY,0.0475,0.07,0.0225,0,0,1
NC,28350,MOORE COUNTY,0.0475,0.07,0.0225,0,0,1
NC,28351,SCOTLAND COUNTY,0.0475,0.0675,0.02,0,0,1
NC,28352,LAURINBURG,0.0475,0.0675,0.02,0,0,2
NC,28353,LAURINBURG,0.0475,0.0675,0.02,0,0,1
NC,28355,LEE COUNTY,0.0475,0.07,0.0225,0,0,1
NC,28356,CUMBERLAND CO OUTSIDE FORT BRAGG AND POPE AFB SP,0.0475,0.07,0.0225,0,0,1
NC,28357,ROBESON COUNTY,0.0475,0.07,0.0225,0,0,1
NC,28358,LUMBERTON,0.0475,0.07,0.0225,0,0,2
NC,28359,LUMBERTON,0.0475,0.07,0.0225,0,0,1
NC,28360,ROBESON COUNTY,0.0475,0.07,0.0225,0,0,1
NC,28362,MARIETTA,0.0475,0.07,0.0225,0,0,1
NC,28363,SCOTLAND COUNTY,0.0475,0.0675,0.02,0,0,1
NC,28364,ROBESON COUNTY,0.0475,0.07,0.0225,0,0,1
NC,28365,WAYNE COUNTY,0.0475,0.0675,0.02,0,0,1
NC,28366,SAMPSON COUNTY,0.0475,0.07,0.0225,0,0,1
NC,28367,NORMAN,0.0475,0.0675,0.02,0,0,1
NC,28368,FAYETTEVILLE,0.0475,0.07,0.0225,0,0,1
NC,28369,ROBESON COUNTY,0.0475,0.07,0.0225,0,0,1
NC,28370,PINEHURST,0.0475,0.07,0.0225,0,0,1
NC,28371,ROBESON COUNTY,0.0475,0.07,0.0225,0,0,1
NC,28372,ROBESON COUNTY,0.0475,0.07,0.0225,0,0,1
NC,28373,PINEBLUFF,0.0475,0.07,0.0225,0,0,1
NC,28374,PINEHURST,0.0475,0.07,0.0225,0,0,1
NC,28375,PROCTORVILLE,0.0475,0.07,0.0225,0,0,1
NC,28376,HOKE COUNTY,0.0475,0.0675,0.02,0,0,1
NC,28377,ROBESON COUNTY,0.0475,0.07,0.0225,0,0,1
NC,28378,ROBESON COUNTY,0.0475,0.07,0.0225,0,0,1
NC,28379,RICHMOND COUNTY,0.0475,0.0675,0.02,0,0,1
NC,28380,ROCKINGHAM,0.0475,0.0675,0.02,0,0,1
NC,28382,SAMPSON COUNTY,0.0475,0.07,0.0225,0,0,1
NC,28383,ROBESON COUNTY,0.0475,0.07,0.0225,0,0,2
NC,28384,ROBESON COUNTY,0.0475,0.07,0.0225,0,0,1
NC,28385,SAMPSON COUNTY,0.0475,0.07,0.0225,0,0,1
NC,28386,ROBESON COUNTY,0.0475,0.07,0.0225,0,0,2
NC,28387,SOUTHERN PINES,0.0475,0.07,0.0225,0,0,1
NC,28388,SOUTHERN PINES,0.0475,0.07,0.0225,0,0,1
NC,28390,HARNETT COUNTY,0.0475,0.07,0.0225,0,0,2
NC,28391,CUMBERLAND CO OUTSIDE FORT BRAGG AND POPE AFB SP,0.0475,0.07,0.0225,0,0,1
NC,28392,BLADEN COUNTY,0.0475,0.0675,0.02,0,0,1
NC,28393,SAMPSON COUNTY,0.0475,0.07,0.0225,0,0,1
NC,28394,MOORE COUNTY,0.0475,0.07,0.0225,0,0,1
NC,28395,CUMBERLAND CO OUTSIDE FORT BRAGG AND POPE AFB SP,0.0475,0.07,0.0225,0,0,1
NC,28396,SCOTLAND COUNTY,0.0475,0.0675,0.02,0,0,1
NC,28398,DUPLIN COUNTY,0.0475,0.07,0.0225,0,0,2
NC,28399,BLADEN COUNTY,0.0475,0.0675,0.02,0,0,1
NC,28401,WILMINGTON,0.0475,0.07,0.0225,0,0,2
NC,28402,WILMINGTON CONVENTION CENTER DISTRICT,0.0475,0.07,0.0225,0,0,1
NC,28403,WILMINGTON,0.0475,0.07,0.0225,0,0,1
NC,28404,NEW HANOVER COUNTY,0.0475,0.07,0.0225,0,0,1
NC,28405,WILMINGTON,0.0475,0.07,0.0225,0,0,1
NC,28406,WILMINGTON,0.0475,0.07,0.0225,0,0,1
NC,28408,NEW HANOVER COUNTY,0.0475,0.07,0.0225,0,0,1
NC,28409,WILMINGTON,0.0475,0.07,0.0225,0,0,1
NC,28410,WILMINGTON CONVENTION CENTER DISTRICT,0.0475,0.07,0.0225,0,0,2
NC,28411,NEW HANOVER COUNTY,0.0475,0.07,0.0225,0,0,1
NC,28412,WILMINGTON,0.0475,0.07,0.0225,0,0,1
NC,28420,BRUNSWICK COUNTY,0.0475,0.0675,0.02,0,0,1
NC,28421,PENDER COUNTY,0.0475,0.0675,0.02,0,0,1
NC,28422,BRUNSWICK COUNTY,0.0475,0.0675,0.02,0,0,2
NC,28423,COLUMBUS COUNTY,0.0475,0.0675,0.02,0,0,1
NC,28424,BRUNSWICK,0.0475,0.0675,0.02,0,0,1
NC,28425,PENDER COUNTY,0.0475,0.0675,0.02,0,0,2
NC,28428,CAROLINA BEACH,0.0475,0.07,0.0225,0,0,1
NC,28429,NEW HANOVER COUNTY,0.0475,0.07,0.0225,0,0,1
NC,28430,COLUMBUS COUNTY,0.0475,0.0675,0.02,0,0,1
NC,28431,COLUMBUS COUNTY,0.0475,0.0675,0.02,0,0,1
NC,28432,COLUMBUS COUNTY,0.0475,0.0675,0.02,0,0,1
NC,28433,BLADEN COUNTY,0.0475,0.0675,0.02,0,0,2
NC,28434,BLADEN COUNTY,0.0475,0.0675,0.02,0,0,1
NC,28435,PENDER COUNTY,0.0475,0.0675,0.02,0,0,1
NC,28436,COLUMBUS COUNTY,0.0475,0.0675,0.02,0,0,1
NC,28438,COLUMBUS COUNTY,0.0475,0.0675,0.02,0,0,2
NC,28439,COLUMBUS COUNTY,0.0475,0.0675,0.02,0,0,1
NC,28441,SAMPSON COUNTY,0.0475,0.07,0.0225,0,0,2
NC,28442,COLUMBUS COUNTY,0.0475,0.0675,0.02,0,0,1
NC,28443,PENDER COUNTY,0.0475,0.0675,0.02,0,0,1
NC,28444,SAMPSON COUNTY,0.0475,0.07,0.0225,0,0,1
NC,28445,SURF CITY,0.0475,0.0675,0.02,0,0,3
NC,28447,SAMPSON COUNTY,0.0475,0.07,0.0225,0,0,1
NC,28448,BLADEN COUNTY,0.0475,0.0675,0.02,0,0,1
NC,28449,KURE BEACH,0.0475,0.07,0.0225,0,0,1
NC,28450,LAKE WACCAMAW,0.0475,0.0675,0.02,0,0,1
NC,28451,BRUNSWICK COUNTY,0.0475,0.0675,0.02,0,0,5
NC,28452,BRUNSWICK COUNTY,0.0475,0.0675,0.02,0,0,1
NC,28453,DUPLIN COUNTY,0.0475,0.07,0.0225,0,0,1
NC,28454,PENDER COUNTY,0.0475,0.0675,0.02,0,0,1
NC,28455,COLUMBUS COUNTY,0.0475,0.0675,0.02,0,0,1
NC,28456,COLUMBUS COUNTY,0.0475,0.0675,0.02,0,0,6
NC,28457,PENDER COUNTY,0.0475,0.0675,0.02,0,0,1
NC,28458,DUPLIN COUNTY,0.0475,0.07,0.0225,0,0,2
NC,28459,SHALLOTTE,0.0475,0.0675,0.02,0,0,1
NC,28460,ONSLOW COUNTY,0.0475,0.07,0.0225,0,0,1
NC,28461,SOUTHPORT,0.0475,0.0675,0.02,0,0,6
NC,28462,BRUNSWICK COUNTY,0.0475,0.0675,0.02,0,0,2
NC,28463,COLUMBUS COUNTY,0.0475,0.0675,0.02,0,0,1
NC,28464,DUPLIN COUNTY,0.0475,0.07,0.0225,0,0,1
NC,28465,OAK ISLAND,0.0475,0.0675,0.02,0,0,6
NC,28466,DUPLIN COUNTY,0.0475,0.07,0.0225,0,0,1
NC,28467,BRUNSWICK COUNTY,0.0475,0.0675,0.02,0,0,4
NC,28468,SUNSET BEACH,0.0475,0.0675,0.02,0,0,2
NC,28469,BRUNSWICK COUNTY,0.0475,0.0675,0.02,0,0,3
NC,28470,BRUNSWICK COUNTY,0.0475,0.0675,0.02,0,0,2
NC,28472,COLUMBUS COUNTY,0.0475,0.0675,0.02,0,0,1
NC,28478,PENDER COUNTY,0.0475,0.0675,0.02,0,0,2
NC,28479,BRUNSWICK COUNTY,0.0475,0.0675,0.02,0,0,1
NC,28480,WRIGHTSVILLE BEACH,0.0475,0.07,0.0225,0,0,1
NC,28501,KINSTON,0.0475,0.0675,0.02,0,0,1
NC,28504,LENOIR COUNTY,0.0475,0.0675,0.02,0,0,1
NC,28508,DUPLIN COUNTY,0.0475,0.07,0.0225,0,0,1
NC,28509,ALLIANCE,0.0475,0.0675,0.02,0,0,1
NC,28510,PAMLICO COUNTY,0.0475,0.0675,0.02,0,0,2
NC,28511,ATLANTIC,0.0475,0.0675,0.02,0,0,1
NC,28512,ATLANTIC BEACH,0.0475,0.0675,0.02,0,0,4
NC,28513,AYDEN,0.0475,0.07,0.0225,0,0,1
NC,28515,PAMLICO COUNTY,0.0475,0.0675,0.02,0,0,2
NC,28516,BEAUFORT,0.0475,0.0675,0.02,0,0,1
NC,28518,DUPLIN COUNTY,0.0475,0.07,0.0225,0,0,1
NC,28519,BRIDGETON,0.0475,0.0675,0.02,0,0,1
NC,28520,CARTERET COUNTY,0.0475,0.0675,0.02,0,0,1
NC,28521,DUPLIN COUNTY,0.0475,0.07,0.0225,0,0,1
NC,28522,CRAVEN COUNTY,0.0475,0.0675,0.02,0,0,1
NC,28523,CRAVEN COUNTY,0.0475,0.0675,0.02,0,0,1
NC,28524,CARTERET COUNTY,0.0475,0.0675,0.02,0,0,1
NC,28525,LENOIR COUNTY,0.0475,0.0675,0.02,0,0,1
NC,28526,CRAVEN COUNTY,0.0475,0.0675,0.02,0,0,2
NC,28527,CRAVEN COUNTY,0.0475,0.0675,0.02,0,0,1
NC,28528,CARTERET COUNTY,0.0475,0.0675,0.02,0,0,1
NC,28529,PAMLICO COUNTY,0.0475,0.0675,0.02,0,0,2
NC,28530,GRIFTON,0.0475,0.07,0.0225,0,0,1
NC,28531,CARTERET COUNTY,0.0475,0.0675,0.02,0,0,1
NC,28532,HAVELOCK,0.0475,0.0675,0.02,0,0,1
NC,28533,HAVELOCK,0.0475,0.0675,0.02,0,0,3
NC,28537,PAMLICO COUNTY,0.0475,0.0675,0.02,0,0,1
NC,28538,GREENE COUNTY,0.0475,0.07,0.0225,0,0,1
NC,28539,ONSLOW COUNTY,0.0475,0.07,0.0225,0,0,1
NC,28540,ONSLOW COUNTY,0.0475,0.07,0.0225,0,0,1
NC,28541,JACKSONVILLE,0.0475,0.07,0.0225,0,0,1
NC,28542,CRAVEN COUNTY,0.0475,0.0675,0.02,0,0,1
NC,28543,JACKSONVILLE,0.0475,0.07,0.0225,0,0,3
NC,28544,ONSLOW COUNTY,0.0475,0.07,0.0225,0,0,2
NC,28545,JACKSONVILLE,0.0475,0.07,0.0225,0,0,2
NC,28546,JACKSONVILLE,0.0475,0.07,0.0225,0,0,1
NC,28547,JACKSONVILLE,0.0475,0.07,0.0225,0,0,1
NC,28551,LENOIR COUNTY,0.0475,0.0675,0.02,0,0,1
NC,28552,PAMLICO COUNTY,0.0475,0.0675,0.02,0,0,1
NC,28553,CARTERET COUNTY,0.0475,0.0675,0.02,0,0,1
NC,28554,DUPLIN COUNTY,0.0475,0.07,0.0225,0,0,1
NC,28555,ONSLOW COUNTY,0.0475,0.07,0.0225,0,0,1
NC,28556,PAMLICO COUNTY,0.0475,0.0675,0.02,0,0,1
NC,28557,MOREHEAD CITY,0.0475,0.0675,0.02,0,0,1
NC,28560,CRAVEN COUNTY,0.0475,0.0675,0.02,0,0,1
NC,28561,NEW BERN,0.0475,0.0675,0.02,0,0,1
NC,28562,NEW BERN,0.0475,0.0675,0.02,0,0,2
NC,28563,NEW BERN,0.0475,0.0675,0.02,0,0,1
NC,28564,CRAVEN COUNTY,0.0475,0.0675,0.02,0,0,1
NC,28570,CARTERET COUNTY,0.0475,0.0675,0.02,0,0,2
NC,28571,PAMLICO COUNTY,0.0475,0.0675,0.02,0,0,1
NC,28572,DUPLIN COUNTY,0.0475,0.07,0.0225,0,0,1
NC,28573,JONES COUNTY,0.0475,0.07,0.0225,0,0,1
NC,28574,ONSLOW COUNTY,0.0475,0.07,0.0225,0,0,1
NC,28575,INDIAN BEACH,0.0475,0.0675,0.02,0,0,1
NC,28577,CARTERET COUNTY,0.0475,0.0675,0.02,0,0,1
NC,28578,WAYNE COUNTY,0.0475,0.0675,0.02,0,0,1
NC,28579,CARTERET COUNTY,0.0475,0.0675,0.02,0,0,2
NC,28580,GREENE COUNTY,0.0475,0.07,0.0225,0,0,1
NC,28581,CARTERET COUNTY,0.0475,0.0675,0.02,0,0,2
NC,28582,ONSLOW COUNTY,0.0475,0.07,0.0225,0,0,1
NC,28583,STONEWALL,0.0475,0.0675,0.02,0,0,1
NC,28584,SWANSBORO,0.0475,0.07,0.0225,0,0,4
NC,28585,JONES COUNTY,0.0475,0.07,0.0225,0,0,1
NC,28586,CRAVEN COUNTY,0.0475,0.0675,0.02,0,0,1
NC,28587,VANDEMERE,0.0475,0.0675,0.02,0,0,1
NC,28590,GREENVILLE,0.0475,0.07,0.0225,0,0,1
NC,28594,EMERALD ISLE,0.0475,0.0675,0.02,0,0,1
NC,28601,HICKORY,0.0475,0.07,0.0225,0,0,6
NC,28602,HICKORY,0.0475,0.07,0.0225,0,0,4
NC,28603,HICKORY,0.0475,0.07,0.0225,0,0,1
NC,28604,WATAUGA COUNTY,0.0475,0.0675,0.02,0,0,14
NC,28605,WATAUGA COUNTY,0.0475,0.0675,0.02,0,0,4
NC,28606,WILKES COUNTY,0.0475,0.07,0.0225,0,0,1
NC,28607,WATAUGA COUNTY,0.0475,0.0675,0.02,0,0,13
NC,28608,BOONE,0.0475,0.0675,0.02,0,0,2
NC,28609,CATAWBA COUNTY,0.0475,0.07,0.0225,0,0,2
NC,28610,CATAWBA COUNTY,0.0475,0.07,0.0225,0,0,1
NC,28611,CALDWELL COUNTY,0.0475,0.0675,0.02,0,0,1
NC,28612,BURKE COUNTY,0.0475,0.0675,0.02,0,0,1
NC,28613,CONOVER,0.0475,0.07,0.0225,0,0,1
NC,28615,ASHE COUNTY,0.0475,0.07,0.0225,0,0,5
NC,28616,CROSSNORE,0.0475,0.0675,0.02,0,0,1
NC,28617,ASHE COUNTY,0.0475,0.07,0.0225,0,0,5
NC,28618,WATAUGA COUNTY,0.0475,0.0675,0.02,0,0,4
NC,28619,DREXEL,0.0475,0.0675,0.02,0,0,1
NC,28621,ELKIN,0.0475,0.07,0.0225,0,0,1
NC,28622,AVERY COUNTY,0.0475,0.0675,0.02,0,0,6
NC,28623,ALLEGHANY COUNTY,0.0475,0.0675,0.02,0,0,3
NC,28624,WILKES COUNTY,0.0475,0.07,0.0225,0,0,5
NC,28625,IREDELL COUNTY,0.0475,0.0675,0.02,0,0,1
NC,28626,ASHE COUNTY,0.0475,0.07,0.0225,0,0,1
NC,28627,ALLEGHANY COUNTY,0.0475,0.0675,0.02,0,0,3
NC,28628,GLEN ALPINE,0.0475,0.0675,0.02,0,0,1
NC,28629,ASHE COUNTY,0.0475,0.07,0.0225,0,0,1
NC,28630,CALDWELL COUNTY,0.0475,0.0675,0.02,0,0,5
NC,28631,ASHE COUNTY,0.0475,0.07,0.0225,0,0,3
NC,28633,LENOIR,0.0475,0.0675,0.02,0,0,1
NC,28634,IREDELL COUNTY,0.0475,0.0675,0.02,0,0,2
NC,28635,WILKES COUNTY,0.0475,0.07,0.0225,0,0,2
NC,28636,ALEXANDER COUNTY,0.0475,0.07,0.0225,0,0,2
NC,28637,HILDEBRAN,0.0475,0.0675,0.02,0,0,1
NC,28638,HUDSON,0.0475,0.0675,0.02,0,0,1
NC,28640,ASHE COUNTY,0.0475,0.07,0.0225,0,0,5
NC,28641,BURKE COUNTY,0.0475,0.0675,0.02,0,0,1
NC,28642,YADKIN COUNTY,0.0475,0.0675,0.02,0,0,2
NC,28643,ASHE COUNTY,0.0475,0.07,0.0225,0,0,12
NC,28644,ALLEGHANY COUNTY,0.0475,0.0675,0.02,0,0,1
NC,28645,LENOIR,0.0475,0.0675,0.02,0,0,15
NC,28646,AVERY COUNTY,0.0475,0.0675,0.02,0,0,1
NC,28647,BURKE COUNTY,0.0475,0.0675,0.02,0,0,1
NC,28649,WILKES COUNTY,0.0475,0.07,0.0225,0,0,3
NC,28650,CATAWBA COUNTY,0.0475,0.07,0.0225,0,0,1
NC,28651,WILKES COUNTY,0.0475,0.07,0.0225,0,0,2
NC,28652,AVERY COUNTY,0.0475,0.0675,0.02,0,0,2
NC,28653,AVERY COUNTY,0.0475,0.0675,0.02,0,0,1
NC,28654,WILKES COUNTY,0.0475,0.07,0.0225,0,0,1
NC,28655,BURKE COUNTY,0.0475,0.0675,0.02,0,0,11
NC,28656,NORTH WILKESBORO,0.0475,0.07,0.0225,0,0,1
NC,28657,AVERY COUNTY,0.0475,0.0675,0.02,0,0,13
NC,28658,NEWTON,0.0475,0.07,0.0225,0,0,8
NC,28659,WILKES COUNTY,0.0475,0.07,0.0225,0,0,9
NC,28660,IREDELL COUNTY,0.0475,0.0675,0.02,0,0,1
NC,28661,AVERY COUNTY,0.0475,0.0675,0.02,0,0,1
NC,28662,AVERY COUNTY,0.0475,0.0675,0.02,0,0,1
NC,28663,ALLEGHANY COUNTY,0.0475,0.0675,0.02,0,0,1
NC,28664,AVERY COUNTY,0.0475,0.0675,0.02,0,0,1
NC,28665,WILKES COUNTY,0.0475,0.07,0.0225,0,0,4
NC,28666,IREDELL COUNTY,0.0475,0.0675,0.02,0,0,1
NC,28667,CALDWELL COUNTY,0.0475,0.0675,0.02,0,0,2
NC,28668,ALLEGHANY COUNTY,0.0475,0.0675,0.02,0,0,1
NC,28669,WILKES COUNTY,0.0475,0.07,0.0225,0,0,2
NC,28670,WILKES COUNTY,0.0475,0.07,0.0225,0,0,3
NC,28671,RUTHERFORD COLLEGE,0.0475,0.0675,0.02,0,0,1
NC,28672,ASHE COUNTY,0.0475,0.07,0.0225,0,0,3
NC,28673,CATAWBA COUNTY,0.0475,0.07,0.0225,0,0,1
NC,28675,ALLEGHANY COUNTY,0.0475,0.0675,0.02,0,0,5
NC,28676,SURRY COUNTY,0.0475,0.07,0.0225,0,0,3
NC,28677,STATESVILLE,0.0475,0.0675,0.02,0,0,11
NC,28678,ALEXANDER COUNTY,0.0475,0.07,0.0225,0,0,1
NC,28679,WATAUGA COUNTY,0.0475,0.0675,0.02,0,0,5
NC,28680,MORGANTON,0.0475,0.0675,0.02,0,0,1
NC,28681,ALEXANDER COUNTY,0.0475,0.07,0.0225,0,0,7
NC,28682,CATAWBA COUNTY,0.0475,0.07,0.0225,0,0,1
NC,28683,WILKES COUNTY,0.0475,0.07,0.0225,0,0,2
NC,28684,ASHE COUNTY,0.0475,0.07,0.0225,0,0,5
NC,28685,WILKES COUNTY,0.0475,0.07,0.0225,0,0,5
NC,28687,STATESVILLE,0.0475,0.0675,0.02,0,0,1
NC,28688,IREDELL COUNTY,0.0475,0.0675,0.02,0,0,1
NC,28689,IREDELL COUNTY,0.0475,0.0675,0.02,0,0,2
NC,28690,VALDESE,0.0475,0.0675,0.02,0,0,1
NC,28691,BANNER ELK,0.0475,0.0675,0.02,0,0,3
NC,28692,WATAUGA COUNTY,0.0475,0.0675,0.02,0,0,3
NC,28693,ASHE COUNTY,0.0475,0.07,0.0225,0,0,2
NC,28694,ASHE COUNTY,0.0475,0.07,0.0225,0,0,6
NC,28697,WILKES COUNTY,0.0475,0.07,0.0225,0,0,2
NC,28698,WATAUGA COUNTY,0.0475,0.0675,0.02,0,0,3
NC,28699,IREDELL COUNTY,0.0475,0.0675,0.02,0,0,1
NC,28701,BUNCOMBE COUNTY,0.0475,0.07,0.0225,0,0,1
NC,28702,GRAHAM COUNTY,0.0475,0.07,0.0225,0,0,1
NC,28704,BUNCOMBE COUNTY,0.0475,0.07,0.0225,0,0,4
NC,28705,MITCHELL COUNTY,0.0475,0.0675,0.02,0,0,1
NC,28707,JACKSON COUNTY,0.0475,0.07,0.0225,0,0,1
NC,28708,TRANSYLVANIA COUNTY,0.0475,0.0675,0.02,0,0,1
NC,28709,BUNCOMBE COUNTY,0.0475,0.07,0.0225,0,0,1
NC,28710,HENDERSON COUNTY,0.0475,0.0675,0.02,0,0,1
NC,28711,BLACK MOUNTAIN,0.0475,0.07,0.0225,0,0,1
NC,28712,TRANSYLVANIA COUNTY,0.0475,0.0675,0.02,0,0,1
NC,28713,SWAIN COUNTY,0.0475,0.07,0.0225,0,0,4
NC,28714,YANCEY COUNTY,0.0475,0.0675,0.02,0,0,1
NC,28715,BUNCOMBE COUNTY,0.0475,0.07,0.0225,0,0,2
NC,28716,HAYWOOD COUNTY,0.0475,0.07,0.0225,0,0,1
NC,28717,JACKSON COUNTY,0.0475,0.07,0.0225,0,0,1
NC,28718,TRANSYLVANIA COUNTY,0.0475,0.0675,0.02,0,0,1
NC,28719,SWAIN COUNTY,0.0475,0.07,0.0225,0,0,2
NC,28720,CHIMNEY ROCK,0.0475,0.07,0.0225,0,0,1
NC,28721,HAYWOOD COUNTY,0.0475,0.07,0.0225,0,0,1
NC,28722,POLK COUNTY,0.0475,0.0675,0.02,0,0,1
NC,28723,JACKSON COUNTY,0.0475,0.07,0.0225,0,0,5
NC,28724,HENDERSON COUNTY,0.0475,0.0675,0.02,0,0,1
NC,28725,DILLSBORO,0.0475,0.07,0.0225,0,0,1
NC,28726,HENDERSON COUNTY,0.0475,0.0675,0.02,0,0,1
NC,28727,HENDERSON COUNTY,0.0475,0.0675,0.02,0,0,1
NC,28728,ASHEVILLE,0.0475,0.07,0.0225,0,0,2
NC,28729,HENDERSON COUNTY,0.0475,0.0675,0.02,0,0,1
NC,28730,BUNCOMBE COUNTY,0.0475,0.07,0.0225,0,0,1
NC,28731,HENDERSON COUNTY,0.0475,0.0675,0.02,0,0,1
NC,28732,FLETCHER,0.0475,0.0675,0.02,0,0,3
NC,28733,GRAHAM COUNTY,0.0475,0.07,0.0225,0,0,1
NC,28734,MACON COUNTY,0.0475,0.0675,0.02,0,0,14
NC,28735,HENDERSON COUNTY,0.0475,0.0675,0.02,0,0,1
NC,28736,JACKSON COUNTY,0.0475,0.07,0.0225,0,0,1
NC,28738,WAYNESVILLE,0.0475,0.07,0.0225,0,0,1
NC,28739,HENDERSON COUNTY,0.0475,0.0675,0.02,0,0,2
NC,28740,YANCEY COUNTY,0.0475,0.0675,0.02,0,0,7
NC,28741,MACON COUNTY,0.0475,0.0675,0.02,0,0,1
NC,28742,HENDERSON COUNTY,0.0475,0.0675,0.02,0,0,1
NC,28743,MADISON COUNTY,0.0475,0.0675,0.02,0,0,7
NC,28744,FRANKLIN,0.0475,0.0675,0.02,0,0,1
NC,28745,HAYWOOD COUNTY,0.0475,0.07,0.0225,0,0,2
NC,28746,LAKE LURE,0.0475,0.07,0.0225,0,0,1
NC,28747,TRANSYLVANIA COUNTY,0.0475,0.0675,0.02,0,0,1
NC,28748,BUNCOMBE COUNTY,0.0475,0.07,0.0225,0,0,1
NC,28749,MCDOWELL COUNTY,0.0475,0.0675,0.02,0,0,1
NC,28750,TRYON,0.0475,0.0675,0.02,0,0,1
NC,28751,HAYWOOD COUNTY,0.0475,0.07,0.0225,0,0,1
NC,28752,MCDOWELL COUNTY,0.0475,0.0675,0.02,0,0,1
NC,28753,MADISON COUNTY,0.0475,0.0675,0.02,0,0,1
NC,28754,MADISON COUNTY,0.0475,0.0675,0.02,0,0,1
NC,28755,AVERY COUNTY,0.0475,0.0675,0.02,0,0,1
NC,28756,POLK COUNTY,0.0475,0.0675,0.02,0,0,1
NC,28757,MONTREAT,0.0475,0.07,0.0225,0,0,1
NC,28758,HENDERSON COUNTY,0.0475,0.0675,0.02,0,0,2
NC,28759,MILLS RIVER,0.0475,0.0675,0.02,0,0,1
NC,28760,HENDERSON COUNTY,0.0475,0.0675,0.02,0,0,1
NC,28761,MCDOWELL COUNTY,0.0475,0.0675,0.02,0,0,1
NC,28762,MCDOWELL COUNTY,0.0475,0.0675,0.02,0,0,1
NC,28763,MACON COUNTY,0.0475,0.0675,0.02,0,0,1
NC,28765,AVERY COUNTY,0.0475,0.0675,0.02,0,0,1
NC,28766,TRANSYLVANIA COUNTY,0.0475,0.0675,0.02,0,0,1
NC,28768,TRANSYLVANIA COUNTY,0.0475,0.0675,0.02,0,0,1
NC,28770,AVERY COUNTY,0.0475,0.0675,0.02,0,0,1
NC,28771,GRAHAM COUNTY,0.0475,0.07,0.0225,0,0,3
NC,28772,TRANSYLVANIA COUNTY,0.0475,0.0675,0.02,0,0,1
NC,28773,POLK COUNTY,0.0475,0.0675,0.02,0,0,1
NC,28774,JACKSON COUNTY,0.0475,0.07,0.0225,0,0,1
NC,28775,MACON COUNTY,0.0475,0.0675,0.02,0,0,1
NC,28776,ASHEVILLE,0.0475,0.07,0.0225,0,0,1
NC,28777,MITCHELL COUNTY,0.0475,0.0675,0.02,0,0,1
NC,28778,BUNCOMBE COUNTY,0.0475,0.07,0.0225,0,0,1
NC,28779,JACKSON COUNTY,0.0475,0.07,0.0225,0,0,1
NC,28781,MACON COUNTY,0.0475,0.0675,0.02,0,0,2
NC,28782,POLK COUNTY,0.0475,0.0675,0.02,0,0,1
NC,28783,JACKSON COUNTY,0.0475,0.07,0.0225,0,0,1
NC,28784,HENDERSON COUNTY,0.0475,0.0675,0.02,0,0,1
NC,28785,HAYWOOD COUNTY,0.0475,0.07,0.0225,0,0,1
NC,28786,WAYNESVILLE,0.0475,0.07,0.0225,0,0,2
NC,28787,BUNCOMBE COUNTY,0.0475,0.07,0.0225,0,0,1
NC,28788,WEBSTER,0.0475,0.07,0.0225,0,0,1
NC,28789,JACKSON COUNTY,0.0475,0.07,0.0225,0,0,1
NC,28790,HENDERSON COUNTY,0.0475,0.0675,0.02,0,0,1
NC,28791,HENDERSON COUNTY,0.0475,0.0675,0.02,0,0,1
NC,28792,HENDERSON COUNTY,0.0475,0.0675,0.02,0,0,1
NC,28793,HENDERSONVILLE,0.0475,0.0675,0.02,0,0,1
NC,28801,ASHEVILLE,0.0475,0.07,0.0225,0,0,1
NC,28802,ASHEVILLE,0.0475,0.07,0.0225,0,0,1
NC,28803,ASHEVILLE,0.0475,0.07,0.0225,0,0,2
NC,28804,ASHEVILLE,0.0475,0.07,0.0225,0,0,2
NC,28805,ASHEVILLE,0.0475,0.07,0.0225,0,0,1
NC,28806,ASHEVILLE,0.0475,0.07,0.0225,0,0,2
NC,28810,BUNCOMBE COUNTY,0.0475,0.07,0.0225,0,0,1
NC,28813,ASHEVILLE,0.0475,0.07,0.0225,0,0,2
NC,28814,ASHEVILLE,0.0475,0.07,0.0225,0,0,1
NC,28815,ASHEVILLE,0.0475,0.07,0.0225,0,0,1
NC,28816,ASHEVILLE,0.0475,0.07,0.0225,0,0,1
NC,28901,CHEROKEE COUNTY,0.0475,0.07,0.0225,0,0,1
NC,28902,CLAY COUNTY,0.0475,0.07,0.0225,0,0,1
NC,28903,CHEROKEE COUNTY,0.0475,0.07,0.0225,0,0,1
NC,28904,CLAY COUNTY,0.0475,0.07,0.0225,0,0,1
NC,28905,CHEROKEE COUNTY,0.0475,0.07,0.0225,0,0,1
NC,28906,CHEROKEE COUNTY,0.0475,0.07,0.0225,0,0,1
NC,28909,CLAY COUNTY,0.0475,0.07,0.0225,0,0,1
SC,29001,CLARENDON COUNTY,0.06,0.08,0.01,0,0.01,1
SC,29002,RICHLAND COUNTY,0.06,0.08,0.01,0,0.01,1
SC,29003,BAMBERG COUNTY,0.06,0.08,0.01,0,0.01,2
SC,29006,BATESBURG-LEESVILLE,0.06,0.07,0,0,0.01,7
SC,29009,KERSHAW COUNTY,0.06,0.08,0.01,0,0.01,1
SC,29010,LEE COUNTY,0.06,0.08,0.01,0,0.01,9
SC,29014,CHESTER COUNTY,0.06,0.08,0.01,0,0.01,5
SC,29015,FAIRFIELD COUNTY,0.06,0.07,0.01,0,0,1
SC,29016,RICHLAND COUNTY,0.06,0.08,0.01,0,0.01,1
SC,29018,ORANGEBURG COUNTY,0.06,0.07,0,0,0.01,1
SC,29020,KERSHAW COUNTY,0.06,0.08,0.01,0,0.01,1
SC,29021,CAMDEN,0.06,0.08,0,0.01,0.01,1
SC,29030,CALHOUN CO CAPITAL PROJECTS TAX SP,0.06,0.08,0.01,0,0.01,3
SC,29031,UNION COUNTY,0.06,0.07,0.01,0,0,3
SC,29032,KERSHAW COUNTY,0.06,0.08,0.01,0,0.01,1
SC,29033,CAYCE,0.06,0.07,0,0,0.01,2
SC,29036,LEXINGTON COUNTY,0.06,0.07,0,0,0.01,2
SC,29037,NEWBERRY COUNTY,0.06,0.07,0,0,0.01,2
SC,29038,ORANGEBURG COUNTY,0.06,0.07,0,0,0.01,1
SC,29039,ORANGEBURG COUNTY,0.06,0.07,0,0,0.01,1
SC,29040,SUMTER COUNTY,0.06,0.08,0.01,0,0.01,3
SC,29041,SUMTER COUNTY,0.06,0.08,0.01,0,0.01,1
SC,29042,BAMBERG COUNTY,0.06,0.08,0.01,0,0.01,1
SC,29044,RICHLAND COUNTY,0.06,0.08,0.01,0,0.01,3
SC,29045,KERSHAW COUNTY,0.06,0.08,0.01,0,0.01,1
SC,29046,LEE COUNTY,0.06,0.08,0.01,0,0.01,1
SC,29047,ORANGEBURG COUNTY,0.06,0.07,0,0,0.01,2
SC,29048,ORANGEBURG COUNTY,0.06,0.07,0,0,0.01,2
SC,29051,CLARENDON COUNTY,0.06,0.08,0.01,0,0.01,1
SC,29052,RICHLAND COUNTY,0.06,0.08,0.01,0,0.01,2
SC,29053,LEXINGTON COUNTY,0.06,0.07,0,0,0.01,1
SC,29054,LEXINGTON COUNTY,0.06,0.07,0,0,0.01,1
SC,29055,GREAT FALLS,0.06,0.08,0,0.01,0.01,2
SC,29056,WILLIAMSBURG COUNTY,0.06,0.08,0.01,0,0.01,1
SC,29058,LANCASTER COUNTY,0.06,0.08,0.01,0,0.01,3
SC,29059,ORANGEBURG COUNTY,0.06,0.07,0,0,0.01,2
SC,29061,RICHLAND COUNTY,0.06,0.08,0.01,0,0.01,2
SC,29062,SUMTER COUNTY,0.06,0.08,0.01,0,0.01,1
SC,29063,RICHLAND COUNTY,0.06,0.08,0.01,0,0.01,1
SC,29065,FAIRFIELD COUNTY,0.06,0.07,0.01,0,0,2
SC,29067,LANCASTER COUNTY,0.06,0.08,0.01,0,0.01,3
SC,29069,DARLINGTON COUNTY,0.06,0.08,0.01,0,0.01,3
SC,29070,LEXINGTON COUNTY,0.06,0.07,0,0,0.01,7
SC,29071,LEXINGTON,0.06,0.07,0,0,0.01,1
SC,29072,LEXINGTON COUNTY,0.06,0.07,0,0,0.01,4
SC,29073,LEXINGTON COUNTY,0.06,0.07,0,0,0.01,1
SC,29074,KERSHAW COUNTY,0.06,0.08,0.01,0,0.01,1
SC,29075,NEWBERRY COUNTY,0.06,0.07,0,0,0.01,1
SC,29078,KERSHAW COUNTY,0.06,0.08,0.01,0,0.01,1
SC,29079,SUMTER COUNTY,0.06,0.08,0.01,0,0.01,1
SC,29080,SUMTER COUNTY,0.06,0.08,0.01,0,0.01,5
SC,29081,BAMBERG COUNTY,0.06,0.08,0.01,0,0.01,1
SC,29082,COLLETON COUNTY,0.06,0.08,0.01,0,0.01,1
SC,29101,CHESTERFIELD COUNTY,0.06,0.08,0.01,0,0.01,4
SC,29102,CLARENDON COUNTY,0.06,0.08,0.01,0,0.01,1
SC,29104,LEE COUNTY,0.06,0.08,0.01,0,0.01,3
SC,29105,AIKEN COUNTY,0.06,0.08,0,0,0.02,4
SC,29107,ORANGEBURG COUNTY,0.06,0.07,0,0,0.01,2
SC,29108,NEWBERRY COUNTY,0.06,0.07,0,0,0.01,1
SC,29111,CLARENDON COUNTY,0.06,0.08,0.01,0,0.01,1
SC,29112,ORANGEBURG COUNTY,0.06,0.07,0,0,0.01,1
SC,29113,ORANGEBURG COUNTY,0.06,0.07,0,0,0.01,1
SC,29114,FLORENCE CO REMAINDER,0.06,0.08,0.01,0,0.01,2
SC,29115,ORANGEBURG COUNTY,0.06,0.07,0,0,0.01,4
SC,29116,ORANGEBURG,0.06,0.07,0,0,0.01,1
SC,29117,ORANGEBURG,0.06,0.07,0,0,0.01,1
SC,29118,ORANGEBURG COUNTY,0.06,0.07,0,0,0.01,1
SC,29122,PEAK,0.06,0.07,0,0,0.01,1
SC,29123,LEXINGTON COUNTY,0.06,0.07,0,0,0.01,2
SC,29125,CLARENDON COUNTY,0.06,0.08,0.01,0,0.01,4
SC,29126,NEWBERRY COUNTY,0.06,0.07,0,0,0.01,2
SC,29127,NEWBERRY COUNTY,0.06,0.07,0,0,0.01,4
SC,29128,SUMTER COUNTY,0.06,0.08,0.01,0,0.01,7
SC,29129,AIKEN COUNTY,0.06,0.08,0,0,0.02,1
SC,29130,FAIRFIELD COUNTY,0.06,0.07,0.01,0,0,2
SC,29132,COLUMBIA,0.06,0.08,0,0.01,0.01,1
SC,29133,ORANGEBURG COUNTY,0.06,0.07,0,0,0.01,1
SC,29135,CALHOUN CO CAPITAL PROJECTS TAX SP,0.06,0.08,0.01,0,0.01,5
SC,29137,AIKEN COUNTY,0.06,0.08,0,0,0.02,4
SC,29138,SALUDA CO CAPITAL PROJECTS TAX SP,0.06,0.08,0.01,0,0.01,4
SC,29142,ORANGEBURG COUNTY,0.06,0.07,0,0,0.01,2
SC,29145,NEWBERRY COUNTY,0.06,0.07,0,0,0.01,1
SC,29146,ORANGEBURG COUNTY,0.06,0.07,0,0,0.01,1
SC,29147,COLUMBIA,0.06,0.08,0,0.01,0.01,1
SC,29148,CLARENDON COUNTY,0.06,0.08,0.01,0,0.01,1
SC,29150,SUMTER,0.06,0.08,0,0.01,0.01,7
SC,29151,SUMTER,0.06,0.08,0,0.01,0.01,1
SC,29152,SUMTER,0.06,0.08,0,0.01,0.01,1
SC,29153,SUMTER COUNTY,0.06,0.08,0.01,0,0.01,1
SC,29154,SUMTER COUNTY,0.06,0.08,0.01,0,0.01,1
SC,29160,LEXINGTON COUNTY,0.06,0.07,0,0,0.01,1
SC,29161,FLORENCE CO REMAINDER,0.06,0.08,0.01,0,0.01,4
SC,29162,CLARENDON COUNTY,0.06,0.08,0.01,0,0.01,1
SC,29163,ORANGEBURG COUNTY,0.06,0.07,0,0,0.01,1
SC,29164,AIKEN COUNTY,0.06,0.08,0,0,0.02,4
SC,29166,SALUDA CO CAPITAL PROJECTS TAX SP,0.06,0.08,0.01,0,0.01,1
SC,29168,SUMTER COUNTY,0.06,0.08,0.01,0,0.01,1
SC,29169,WEST COLUMBIA,0.06,0.07,0,0,0.01,10
SC,29170,LEXINGTON COUNTY,0.06,0.07,0,0,0.01,2
SC,29171,WEST COLUMBIA,0.06,0.07,0,0,0.01,2
SC,29172,LEXINGTON COUNTY,0.06,0.07,0,0,0.01,2
SC,29175,KERSHAW COUNTY,0.06,0.08,0.01,0,0.01,1
SC,29177,RICHLAND COUNTY,0.06,0.08,0.01,0,0.01,1
SC,29178,WHITMIRE,0.06,0.07,0,0,0.01,1
SC,29180,FAIRFIELD COUNTY,0.06,0.07,0.01,0,0,3
SC,29201,COLUMBIA,0.06,0.08,0,0.01,0.01,4
SC,29202,COLUMBIA,0.06,0.08,0,0.01,0.01,2
SC,29203,COLUMBIA,0.06,0.08,0,0.01,0.01,16
SC,29204,COLUMBIA,0.06,0.08,0,0.01,0.01,4
SC,29205,COLUMBIA,0.06,0.08,0,0.01,0.01,3
SC,29206,FOREST ACRES,0.06,0.08,0,0.01,0.01,7
SC,29207,COLUMBIA,0.06,0.08,0,0.01,0.01,3
SC,29208,COLUMBIA,0.06,0.08,0,0.01,0.01,2
SC,29209,RICHLAND COUNTY,0.06,0.08,0.01,0,0.01,11
SC,29210,RICHLAND COUNTY,0.06,0.08,0.01,0,0.01,3
SC,29211,COLUMBIA,0.06,0.08,0,0.01,0.01,3
SC,29212,LEXINGTON COUNTY,0.06,0.07,0,0,0.01,3
SC,29214,COLUMBIA,0.06,0.08,0,0.01,0.01,2
SC,29215,COLUMBIA,0.06,0.08,0,0.01,0.01,3
SC,29217,COLUMBIA,0.06,0.08,0,0.01,0.01,2
SC,29218,COLUMBIA,0.06,0.08,0,0.01,0.01,2
SC,29219,RICHLAND COUNTY,0.06,0.08,0.01,0,0.01,2
SC,29220,COLUMBIA,0.06,0.08,0,0.01,0.01,2
SC,29221,RICHLAND COUNTY,0.06,0.08,0.01,0,0.01,2
SC,29222,COLUMBIA,0.06,0.08,0,0.01,0.01,2
SC,29223,RICHLAND COUNTY,0.06,0.08,0.01,0,0.01,4
SC,29224,RICHLAND COUNTY,0.06,0.08,0.01,0,0.01,2
SC,29225,COLUMBIA,0.06,0.08,0,0.01,0.01,2
SC,29226,COLUMBIA,0.06,0.08,0,0.01,0.01,2
SC,29227,COLUMBIA,0.06,0.08,0,0.01,0.01,2
SC,29229,RICHLAND COUNTY,0.06,0.08,0.01,0,0.01,2
SC,29230,COLUMBIA,0.06,0.08,0,0.01,0.01,2
SC,29240,COLUMBIA,0.06,0.08,0,0.01,0.01,2
SC,29250,COLUMBIA,0.06,0.08,0,0.01,0.01,2
SC,29260,FOREST ACRES,0.06,0.08,0,0.01,0.01,2
SC,29290,COLUMBIA,0.06,0.08,0,0.01,0.01,2
SC,29292,COLUMBIA,0.06,0.08,0,0.01,0.01,2
SC,29301,SPARTANBURG CO CAPITAL PROJECTS TAX SP,0.06,0.07,0,0,0.01,1
SC,29302,SPARTANBURG CO CAPITAL PROJECTS TAX SP,0.06,0.07,0,0,0.01,1
SC,29303,SPARTANBURG CO CAPITAL PROJECTS TAX SP,0.06,0.07,0,0,0.01,1
SC,29304,SPARTANBURG CO CAPITAL PROJECTS TAX SP,0.06,0.07,0,0,0.01,1
SC,29305,SPARTANBURG CO CAPITAL PROJECTS TAX SP,0.06,0.07,0,0,0.01,1
SC,29306,SPARTANBURG CO CAPITAL PROJECTS TAX SP,0.06,0.07,0,0,0.01,1
SC,29307,SPARTANBURG CO CAPITAL PROJECTS TAX SP,0.06,0.07,0,0,0.01,1
SC,29316,SPARTANBURG CO CAPITAL PROJECTS TAX SP,0.06,0.07,0,0,0.01,2
SC,29319,SPARTANBURG CO CAPITAL PROJECTS TAX SP,0.06,0.07,0,0,0.01,1
SC,29320,SPARTANBURG CO CAPITAL PROJECTS TAX SP,0.06,0.07,0,0,0.01,1
SC,29321,UNION COUNTY,0.06,0.07,0.01,0,0,1
SC,29322,SPARTANBURG CO CAPITAL PROJECTS TAX SP,0.06,0.07,0,0,0.01,1
SC,29323,SPARTANBURG CO CAPITAL PROJECTS TAX SP,0.06,0.07,0,0,0.01,1
SC,29324,SPARTANBURG CO CAPITAL PROJECTS TAX SP,0.06,0.07,0,0,0.01,1
SC,29325,LAURENS COUNTY,0.06,0.07,0.01,0,0,1
SC,29329,SPARTANBURG CO CAPITAL PROJECTS TAX SP,0.06,0.07,0,0,0.01,1
SC,29330,SPARTANBURG CO CAPITAL PROJECTS TAX SP,0.06,0.07,0,0,0.01,1
SC,29331,SPARTANBURG CO CAPITAL PROJECTS TAX SP,0.06,0.07,0,0,0.01,1
SC,29332,LAURENS COUNTY,0.06,0.07,0.01,0,0,1
SC,29333,SPARTANBURG CO CAPITAL PROJECTS TAX SP,0.06,0.07,0,0,0.01,1
SC,29334,SPARTANBURG CO CAPITAL PROJECTS TAX SP,0.06,0.07,0,0,0.01,1
SC,29335,SPARTANBURG CO CAPITAL PROJECTS TAX SP,0.06,0.07,0,0,0.01,1
SC,29336,SPARTANBURG CO CAPITAL PROJECTS TAX SP,0.06,0.07,0,0,0.01,1
SC,29338,SPARTANBURG CO CAPITAL PROJECTS TAX SP,0.06,0.07,0,0,0.01,1
SC,29340,CHEROKEE COUNTY,0.06,0.08,0.01,0,0.01,1
SC,29341,CHEROKEE COUNTY,0.06,0.08,0.01,0,0.01,1
SC,29346,SPARTANBURG CO CAPITAL PROJECTS TAX SP,0.06,0.07,0,0,0.01,1
SC,29348,SPARTANBURG CO CAPITAL PROJECTS TAX SP,0.06,0.07,0,0,0.01,1
SC,29349,SPARTANBURG CO CAPITAL PROJECTS TAX SP,0.06,0.07,0,0,0.01,1
SC,29351,LAURENS COUNTY,0.06,0.07,0.01,0,0,1
SC,29353,UNION COUNTY,0.06,0.07,0.01,0,0,1
SC,29355,NEWBERRY COUNTY,0.06,0.07,0,0,0.01,1
SC,29356,GREENVILLE COUNTY,0.06,0.06,0,0,0,1
SC,29360,LAURENS COUNTY,0.06,0.07,0.01,0,0,1
SC,29364,UNION COUNTY,0.06,0.07,0.01,0,0,1
SC,29365,SPARTANBURG CO CAPITAL PROJECTS TAX SP,0.06,0.07,0,0,0.01,1
SC,29368,SPARTANBURG CO CAPITAL PROJECTS TAX SP,0.06,0.07,0,0,0.01,1
SC,29369,SPARTANBURG CO CAPITAL PROJECTS TAX SP,0.06,0.07,0,0,0.01,1
SC,29370,LAURENS COUNTY,0.06,0.07,0.01,0,0,1
SC,29372,PACOLET,0.06,0.07,0,0,0.01,1
SC,29373,PACOLET,0.06,0.07,0,0,0.01,1
SC,29374,SPARTANBURG CO CAPITAL PROJECTS TAX SP,0.06,0.07,0,0,0.01,2
SC,29375,REIDVILLE,0.06,0.07,0,0,0.01,1
SC,29376,SPARTANBURG CO CAPITAL PROJECTS TAX SP,0.06,0.07,0,0,0.01,1
SC,29377,SPARTANBURG CO CAPITAL PROJECTS TAX SP,0.06,0.07,0,0,0.01,1
SC,29378,SPARTANBURG CO CAPITAL PROJECTS TAX SP,0.06,0.07,0,0,0.01,1
SC,29379,UNION COUNTY,0.06,0.07,0.01,0,0,1
SC,29384,LAURENS COUNTY,0.06,0.07,0.01,0,0,1
SC,29385,SPARTANBURG CO CAPITAL PROJECTS TAX SP,0.06,0.07,0,0,0.01,1
SC,29386,SPARTANBURG CO CAPITAL PROJECTS TAX SP,0.06,0.07,0,0,0.01,1
SC,29388,SPARTANBURG CO CAPITAL PROJECTS TAX SP,0.06,0.07,0,0,0.01,1
SC,29395,UNION COUNTY,0.06,0.07,0.01,0,0,1
SC,29401,CHARLESTON,0.06,0.09,0,0.01,0.02,3
SC,29402,CHARLESTON,0.06,0.09,0,0.01,0.02,3
SC,29403,CHARLESTON,0.06,0.09,0,0.01,0.02,3
SC,29404,NORTH CHARLESTON,0.06,0.09,0,0.01,0.02,3
SC,29405,NORTH CHARLESTON,0.06,0.09,0,0.01,0.02,5
SC,29406,NORTH CHARLESTON,0.06,0.09,0,0.01,0.02,4
SC,29407,CHARLESTON,0.06,0.09,0,0.01,0.02,5
SC,29409,CHARLESTON,0.06,0.09,0,0.01,0.02,4
SC,29410,HANAHAN,0.06,0.08,0,0.01,0.01,5
SC,29412,CHARLESTON,0.06,0.09,0,0.01,0.02,4
SC,29413,CHARLESTON,0.06,0.09,0,0.01,0.02,3
SC,29414,CHARLESTON,0.06,0.09,0,0.01,0.02,3
SC,29415,NORTH CHARLESTON,0.06,0.09,0,0.01,0.02,4
SC,29416,CHARLESTON,0.06,0.09,0,0.01,0.02,3
SC,29417,CHARLESTON,0.06,0.09,0,0.01,0.02,3
SC,29418,NORTH CHARLESTON,0.06,0.09,0,0.01,0.02,5
SC,29419,NORTH CHARLESTON,0.06,0.09,0,0.01,0.02,4
SC,29420,NORTH CHARLESTON,0.06,0.07,0,0,0.01,4
SC,29422,CHARLESTON,0.06,0.09,0,0.01,0.02,3
SC,29423,NORTH CHARLESTON,0.06,0.09,0,0.01,0.02,5
SC,29424,CHARLESTON,0.06,0.09,0,0.01,0.02,4
SC,29425,CHARLESTON,0.06,0.09,0,0.01,0.02,4
SC,29426,CHARLESTON COUNTY,0.06,0.09,0.01,0,0.02,3
SC,29429,CHARLESTON COUNTY,0.06,0.09,0.01,0,0.02,2
SC,29431,BERKELEY COUNTY,0.06,0.08,0.01,0,0.01,1
SC,29432,ORANGEBURG COUNTY,0.06,0.07,0,0,0.01,1
SC,29434,BERKELEY COUNTY,0.06,0.08,0.01,0,0.01,1
SC,29435,COLLETON COUNTY,0.06,0.08,0.01,0,0.01,1
SC,29436,BERKELEY COUNTY,0.06,0.08,0.01,0,0.01,1
SC,29437,DORCHESTER COUNTY,0.06,0.07,0,0,0.01,1
SC,29438,CHARLESTON COUNTY,0.06,0.09,0.01,0,0.02,3
SC,29439,FOLLY BEACH,0.06,0.09,0,0.01,0.02,1
SC,29440,GEORGETOWN CO SP,0.06,0.06,0,0,0,2
SC,29442,GEORGETOWN,0.06,0.06,0,0,0,1
SC,29445,GOOSE CREEK,0.06,0.08,0,0.01,0.01,1
SC,29446,COLLETON COUNTY,0.06,0.08,0.01,0,0.01,2
SC,29447,DORCHESTER COUNTY,0.06,0.07,0,0,0.01,1
SC,29448,DORCHESTER COUNTY,0.06,0.07,0,0,0.01,1
SC,29449,HOLLYWOOD,0.06,0.09,0,0.01,0.02,4
SC,29450,BERKELEY COUNTY,0.06,0.08,0.01,0,0.01,1
SC,29451,ISLE OF PALMS,0.06,0.09,0,0.01,0.02,2
SC,29452,COLLETON COUNTY,0.06,0.08,0.01,0,0.01,1
SC,29453,BERKELEY COUNTY,0.06,0.08,0.01,0,0.01,2
SC,29455,CHARLESTON COUNTY,0.06,0.09,0.01,0,0.02,3
SC,29456,DORCHESTER COUNTY,0.06,0.07,0,0,0.01,3
SC,29457,CHARLESTON,0.06,0.09,0,0.01,0.02,1
SC,29458,CHARLESTON COUNTY,0.06,0.09,0.01,0,0.02,2
SC,29461,BERKELEY COUNTY,0.06,0.08,0.01,0,0.01,1
SC,29464,MOUNT PLEASANT,0.06,0.09,0,0.01,0.02,1
SC,29465,MOUNT PLEASANT,0.06,0.09,0,0.01,0.02,1
SC,29466,MOUNT PLEASANT,0.06,0.09,0,0.01,0.02,1
SC,29468,BERKELEY COUNTY,0.06,0.08,0.01,0,0.01,1
SC,29469,BERKELEY COUNTY,0.06,0.08,0.01,0,0.01,1
SC,29470,RAVENEL,0.06,0.09,0,0.01,0.02,1
SC,29471,DORCHESTER COUNTY,0.06,0.07,0,0,0.01,1
SC,29472,DORCHESTER COUNTY,0.06,0.07,0,0,0.01,1
SC,29474,COLLETON COUNTY,0.06,0.08,0.01,0,0.01,1
SC,29475,COLLETON COUNTY,0.06,0.08,0.01,0,0.01,1
SC,29476,GOOSE CREEK,0.06,0.08,0,0.01,0.01,1
SC,29477,DORCHESTER COUNTY,0.06,0.07,0,0,0.01,2
SC,29479,BERKELEY COUNTY,0.06,0.08,0.01,0,0.01,2
SC,29481,COLLETON COUNTY,0.06,0.08,0.01,0,0.01,1
SC,29482,SULLIVANS ISLAND,0.06,0.09,0,0.01,0.02,1
SC,29483,SUMMERVILLE,0.06,0.07,0,0,0.01,3
SC,29484,SUMMERVILLE,0.06,0.07,0,0,0.01,3
SC,29485,SUMMERVILLE,0.06,0.07,0,0,0.01,5
SC,29486,SUMMERVILLE,0.06,0.08,0,0.01,0.01,1
SC,29487,CHARLESTON COUNTY,0.06,0.09,0.01,0,0.02,1
SC,29488,COLLETON COUNTY,0.06,0.08,0.01,0,0.01,2
SC,29492,CHARLESTON,0.06,0.08,0,0.01,0.01,6
SC,29493,WILLIAMS,0.06,0.08,0,0.01,0.01,1
SC,29501,FLORENCE CO REMAINDER,0.06,0.08,0.01,0,0.01,1
SC,29502,FLORENCE,0.06,0.08,0,0.01,0.01,1
SC,29503,FLORENCE,0.06,0.08,0,0.01,0.01,1
SC,29504,FLORENCE,0.06,0.08,0,0.01,0.01,1
SC,29505,FLORENCE CO REMAINDER,0.06,0.08,0.01,0,0.01,1
SC,29506,FLORENCE CO REMAINDER,0.06,0.08,0.01,0,0.01,2
SC,29510,GEORGETOWN CO SP,0.06,0.06,0,0,0,1
SC,29511,HORRY CO REMAINDER,0.06,0.08,0,0,0.02,1
SC,29512,MARLBORO COUNTY,0.06,0.08,0.01,0,0.01,1
SC,29516,MARLBORO COUNTY,0.06,0.08,0.01,0,0.01,1
SC,29518,WILLIAMSBURG COUNTY,0.06,0.08,0.01,0,0.01,2
SC,29519,MARION COUNTY,0.06,0.08,0.01,0,0.01,1
SC,29520,CHESTERFIELD COUNTY,0.06,0.08,0.01,0,0.01,1
SC,29525,MARLBORO COUNTY,0.06,0.08,0.01,0,0.01,1
SC,29526,HORRY CO REMAINDER,0.06,0.08,0,0,0.02,1
SC,29527,HORRY CO REMAINDER,0.06,0.08,0,0,0.02,2
SC,29528,CONWAY,0.06,0.08,0,0,0.02,1
SC,29530,FLORENCE CO REMAINDER,0.06,0.08,0.01,0,0.01,1
SC,29532,DARLINGTON COUNTY,0.06,0.08,0.01,0,0.01,1
SC,29536,DILLON,0.06,0.08,0,0.01,0.01,1
SC,29540,DARLINGTON COUNTY,0.06,0.08,0.01,0,0.01,1
SC,29541,FLORENCE CO REMAINDER,0.06,0.08,0.01,0,0.01,1
SC,29543,DILLON COUNTY,0.06,0.08,0.01,0,0.01,1
SC,29544,HORRY CO REMAINDER,0.06,0.08,0,0,0.02,2
SC,29545,HORRY CO REMAINDER,0.06,0.08,0,0,0.02,1
SC,29546,MARION COUNTY,0.06,0.08,0.01,0,0.01,2
SC,29547,DILLON COUNTY,0.06,0.08,0.01,0,0.01,1
SC,29550,DARLINGTON COUNTY,0.06,0.08,0.01,0,0.01,1
SC,29551,HARTSVILLE,0.06,0.08,0,0.01,0.01,1
SC,29554,GEORGETOWN CO SP,0.06,0.06,0,0,0,2
SC,29555,FLORENCE CO REMAINDER,0.06,0.08,0.01,0,0.01,2
SC,29556,WILLIAMSBURG COUNTY,0.06,0.08,0.01,0,0.01,1
SC,29560,FLORENCE CO REMAINDER,0.06,0.08,0.01,0,0.01,1
SC,29563,DILLON COUNTY,0.06,0.08,0.01,0,0.01,1
SC,29564,WILLIAMSBURG COUNTY,0.06,0.08,0.01,0,0.01,1
SC,29565,DILLON COUNTY,0.06,0.08,0.01,0,0.01,1
SC,29566,HORRY CO REMAINDER,0.06,0.08,0,0,0.02,1
SC,29567,DILLON COUNTY,0.06,0.08,0.01,0,0.01,1
SC,29568,HORRY CO REMAINDER,0.06,0.08,0,0,0.02,1
SC,29569,HORRY CO REMAINDER,0.06,0.08,0,0,0.02,1
SC,29570,MARLBORO COUNTY,0.06,0.08,0.01,0,0.01,1
SC,29571,MARION COUNTY,0.06,0.08,0.01,0,0.01,1
SC,29572,MYRTLE BEACH,0.06,0.09,0,0.01,0.02,1
SC,29574,MARION COUNTY,0.06,0.08,0.01,0,0.01,1
SC,29575,HORRY CO REMAINDER,0.06,0.08,0,0,0.02,3
SC,29576,HORRY CO REMAINDER,0.06,0.08,0,0,0.02,3
SC,29577,MYRTLE BEACH,0.06,0.09,0,0.01,0.02,1
SC,29578,MYRTLE BEACH,0.06,0.09,0,0.01,0.02,1
SC,29579,HORRY CO REMAINDER,0.06,0.08,0,0,0.02,2
SC,29580,WILLIAMSBURG COUNTY,0.06,0.08,0.01,0,0.01,1
SC,29581,HORRY CO REMAINDER,0.06,0.08,0,0,0.02,1
SC,29582,NORTH MYRTLE BEACH,0.06,0.08,0,0,0.02,6
SC,29583,FLORENCE CO REMAINDER,0.06,0.08,0.01,0,0.01,1
SC,29584,CHESTERFIELD COUNTY,0.06,0.08,0.01,0,0.01,1
SC,29585,GEORGETOWN CO SP,0.06,0.06,0,0,0,2
SC,29587,SURFSIDE BEACH,0.06,0.08,0,0,0.02,2
SC,29588,HORRY CO REMAINDER,0.06,0.08,0,0,0.02,1
SC,29589,MARION COUNTY,0.06,0.08,0.01,0,0.01,1
SC,29590,WILLIAMSBURG COUNTY,0.06,0.08,0.01,0,0.01,2
SC,29591,FLORENCE CO REMAINDER,0.06,0.08,0.01,0,0.01,1
SC,29592,DILLON COUNTY,0.06,0.08,0.01,0,0.01,1
SC,29593,DARLINGTON COUNTY,0.06,0.08,0.01,0,0.01,1
SC,29594,TATUM,0.06,0.08,0,0.01,0.01,1
SC,29596,MARLBORO COUNTY,0.06,0.08,0.01,0,0.01,1
SC,29597,NORTH MYRTLE BEACH,0.06,0.08,0,0,0.02,1
SC,29598,NORTH MYRTLE BEACH,0.06,0.08,0,0,0.02,1
SC,29601,GREENVILLE,0.06,0.06,0,0,0,1
SC,29602,GREENVILLE,0.06,0.06,0,0,0,1
SC,29603,GREENVILLE,0.06,0.06,0,0,0,1
SC,29604,GREENVILLE,0.06,0.06,0,0,0,1
SC,29605,GREENVILLE COUNTY,0.06,0.06,0,0,0,1
SC,29606,GREENVILLE,0.06,0.06,0,0,0,1
SC,29607,GREENVILLE,0.06,0.06,0,0,0,2
SC,29608,GREENVILLE COUNTY,0.06,0.06,0,0,0,2
SC,29609,GREENVILLE COUNTY,0.06,0.06,0,0,0,1
SC,29610,GREENVILLE COUNTY,0.06,0.06,0,0,0,1
SC,29611,GREENVILLE COUNTY,0.06,0.06,0,0,0,3
SC,29612,GREER,0.06,0.06,0,0,0,1
SC,29613,GREENVILLE COUNTY,0.06,0.06,0,0,0,1
SC,29614,GREENVILLE,0.06,0.06,0,0,0,1
SC,29615,GREENVILLE COUNTY,0.06,0.06,0,0,0,1
SC,29616,GREENVILLE,0.06,0.06,0,0,0,1
SC,29617,GREENVILLE COUNTY,0.06,0.06,0,0,0,1
SC,29620,ABBEVILLE COUNTY,0.06,0.07,0.01,0,0,1
SC,29621,ANDERSON COUNTY,0.06,0.07,0,0,0.01,1
SC,29622,ANDERSON,0.06,0.07,0,0,0.01,1
SC,29623,ANDERSON,0.06,0.07,0,0,0.01,1
SC,29624,ANDERSON COUNTY,0.06,0.07,0,0,0.01,1
SC,29625,ANDERSON COUNTY,0.06,0.07,0,0,0.01,1
SC,29626,ANDERSON COUNTY,0.06,0.07,0,0,0.01,1
SC,29627,ANDERSON COUNTY,0.06,0.07,0,0,0.01,1
SC,29628,ABBEVILLE COUNTY,0.06,0.07,0.01,0,0,1
SC,29630,PICKENS COUNTY,0.06,0.07,0.01,0,0,1
SC,29631,CLEMSON,0.06,0.07,0,0.01,0,1
SC,29632,CLEMSON,0.06,0.07,0,0.01,0,1
SC,29633,CLEMSON,0.06,0.07,0,0.01,0,1
SC,29634,CLEMSON,0.06,0.07,0,0.01,0,1
SC,29635,GREENVILLE COUNTY,0.06,0.06,0,0,0,1
SC,29636,GREENVILLE COUNTY,0.06,0.06,0,0,0,1
SC,29638,ABBEVILLE COUNTY,0.06,0.07,0.01,0,0,1
SC,29639,ABBEVILLE COUNTY,0.06,0.07,0.01,0,0,1
SC,29640,PICKENS COUNTY,0.06,0.07,0.01,0,0,1
SC,29641,EASLEY,0.06,0.07,0,0.01,0,1
SC,29642,EASLEY,0.06,0.07,0,0.01,0,3
SC,29643,OCONEE COUNTY,0.06,0.06,0,0,0,1
SC,29644,LAURENS COUNTY,0.06,0.07,0.01,0,0,1
SC,29645,LAURENS COUNTY,0.06,0.07,0.01,0,0,2
SC,29646,GREENWOOD,0.06,0.07,0,0,0.01,1
SC,29647,GREENWOOD,0.06,0.07,0,0,0.01,1
SC,29648,GREENWOOD,0.06,0.07,0,0,0.01,1
SC,29649,GREENWOOD CO REMAINDER,0.06,0.07,0,0,0.01,1
SC,29650,GREENVILLE COUNTY,0.06,0.06,0,0,0,1
SC,29651,GREENVILLE COUNTY,0.06,0.06,0,0,0,1
SC,29652,GREER,0.06,0.06,0,0,0,1
SC,29653,GREENWOOD CO REMAINDER,0.06,0.07,0,0,0.01,1
SC,29654,HONEA PATH,0.06,0.07,0,0,0.01,1
SC,29655,ANDERSON COUNTY,0.06,0.07,0,0,0.01,1
SC,29656,OCONEE COUNTY,0.06,0.06,0,0,0,1
SC,29657,PICKENS COUNTY,0.06,0.07,0.01,0,0,1
SC,29658,OCONEE COUNTY,0.06,0.06,0,0,0,1
SC,29659,LOWNDESVILLE,0.06,0.07,0,0.01,0,1
SC,29661,GREENVILLE COUNTY,0.06,0.06,0,0,0,1
SC,29662,MAULDIN,0.06,0.06,0,0,0,1
SC,29664,OCONEE COUNTY,0.06,0.06,0,0,0,1
SC,29665,OCONEE COUNTY,0.06,0.06,0,0,0,1
SC,29666,GREENWOOD CO REMAINDER,0.06,0.07,0,0,0.01,1
SC,29667,NORRIS,0.06,0.07,0,0.01,0,2
SC,29669,GREENVILLE COUNTY,0.06,0.06,0,0,0,1
SC,29670,PENDLETON,0.06,0.07,0,0,0.01,1
SC,29671,PICKENS COUNTY,0.06,0.07,0.01,0,0,1
SC,29672,OCONEE COUNTY,0.06,0.06,0,0,0,1
SC,29673,ANDERSON COUNTY,0.06,0.07,0,0,0.01,3
SC,29675,OCONEE COUNTY,0.06,0.06,0,0,0,1
SC,29676,OCONEE COUNTY,0.06,0.06,0,0,0,1
SC,29677,OCONEE COUNTY,0.06,0.06,0,0,0,1
SC,29678,OCONEE COUNTY,0.06,0.06,0,0,0,1
SC,29679,SENECA,0.06,0.06,0,0,0,1
SC,29680,GREENVILLE COUNTY,0.06,0.06,0,0,0,1
SC,29681,GREENVILLE COUNTY,0.06,0.06,0,0,0,1
SC,29682,PICKENS COUNTY,0.06,0.07,0.01,0,0,1
SC,29683,SPARTANBURG CO CAPITAL PROJECTS TAX SP,0.06,0.07,0,0,0.01,1
SC,29684,ANDERSON COUNTY,0.06,0.07,0,0,0.01,1
SC,29685,PICKENS COUNTY,0.06,0.07,0.01,0,0,1
SC,29686,OCONEE COUNTY,0.06,0.06,0,0,0,1
SC,29687,GREENVILLE COUNTY,0.06,0.06,0,0,0,1
SC,29688,SPARTANBURG CO CAPITAL PROJECTS TAX SP,0.06,0.07,0,0,0.01,1
SC,29689,ANDERSON COUNTY,0.06,0.07,0,0,0.01,1
SC,29690,GREENVILLE COUNTY,0.06,0.06,0,0,0,1
SC,29691,OCONEE COUNTY,0.06,0.06,0,0,0,1
SC,29692,LAURENS COUNTY,0.06,0.07,0.01,0,0,1
SC,29693,OCONEE COUNTY,0.06,0.06,0,0,0,1
SC,29695,GREENWOOD CO REMAINDER,0.06,0.07,0,0,0.01,1
SC,29696,OCONEE COUNTY,0.06,0.06,0,0,0,1
SC,29697,ANDERSON COUNTY,0.06,0.07,0,0,0.01,1
SC,29702,CHEROKEE COUNTY,0.06,0.08,0.01,0,0.01,3
SC,29703,YORK CO CP,0.06,0.07,0,0,0.01,1
SC,29704,YORK CO CP,0.06,0.07,0,0,0.01,1
SC,29706,CHESTER COUNTY,0.06,0.08,0.01,0,0.01,1
SC,29707,LANCASTER COUNTY,0.06,0.08,0.01,0,0.01,3
SC,29708,YORK CO CP,0.06,0.07,0,0,0.01,3
SC,29709,CHESTERFIELD COUNTY,0.06,0.08,0.01,0,0.01,1
SC,29710,YORK CO CP,0.06,0.07,0,0,0.01,3
SC,29712,CHESTER COUNTY,0.06,0.08,0.01,0,0.01,1
SC,29714,CHESTER COUNTY,0.06,0.08,0.01,0,0.01,1
SC,29715,FORT MILL,0.06,0.07,0,0,0.01,2
SC,29716,FORT MILL,0.06,0.07,0,0,0.01,2
SC,29717,YORK CO CP,0.06,0.07,0,0,0.01,1
SC,29718,CHESTERFIELD COUNTY,0.06,0.08,0.01,0,0.01,1
SC,29720,LANCASTER COUNTY,0.06,0.08,0.01,0,0.01,1
SC,29721,LANCASTER,0.06,0.08,0,0.01,0.01,1
SC,29724,CHESTER COUNTY,0.06,0.08,0.01,0,0.01,1
SC,29726,YORK CO CP,0.06,0.07,0,0,0.01,1
SC,29727,CHESTERFIELD COUNTY,0.06,0.08,0.01,0,0.01,1
SC,29728,CHESTERFIELD COUNTY,0.06,0.08,0.01,0,0.01,1
SC,29729,CHESTER COUNTY,0.06,0.08,0.01,0,0.01,2
SC,29730,ROCK HILL,0.06,0.07,0,0,0.01,1
SC,29731,ROCK HILL,0.06,0.07,0,0,0.01,1
SC,29732,ROCK HILL,0.06,0.07,0,0,0.01,1
SC,29733,ROCK HILL,0.06,0.07,0,0,0.01,1
SC,29734,ROCK HILL,0.06,0.07,0,0,0.01,1
SC,29741,CHESTERFIELD COUNTY,0.06,0.08,0.01,0,0.01,1
SC,29742,YORK CO CP,0.06,0.07,0,0,0.01,1
SC,29743,YORK CO CP,0.06,0.07,0,0,0.01,1
SC,29744,YORK CO CP,0.06,0.07,0,0,0.01,1
SC,29745,YORK CO CP,0.06,0.07,0,0,0.01,1
SC,29801,AIKEN,0.06,0.08,0,0,0.02,2
SC,29802,AIKEN,0.06,0.08,0,0,0.02,1
SC,29803,AIKEN COUNTY,0.06,0.08,0,0,0.02,1
SC,29804,AIKEN,0.06,0.08,0,0,0.02,1
SC,29805,AIKEN COUNTY,0.06,0.08,0,0,0.02,1
SC,29808,AIKEN,0.06,0.08,0,0,0.02,1
SC,29809,NEW ELLENTON,0.06,0.08,0,0,0.02,1
SC,29810,ALLENDALE,0.06,0.08,0,0.01,0.01,1
SC,29812,BARNWELL COUNTY,0.06,0.08,0.01,0,0.01,3
SC,29813,HILDA,0.06,0.08,0,0.01,0.01,1
SC,29816,GREENWOOD CO REMAINDER,0.06,0.07,0,0,0.01,1
SC,29817,BARNWELL COUNTY,0.06,0.08,0.01,0,0.01,1
SC,29819,GREENWOOD CO REMAINDER,0.06,0.07,0,0,0.01,3
SC,29821,MCCORMICK COUNTY,0.06,0.08,0.01,0,0.01,1
SC,29822,AIKEN COUNTY,0.06,0.08,0,0,0.02,1
SC,29824,EDGEFIELD COUNTY,0.06,0.07,0.01,0,0,3
SC,29826,ELKO,0.06,0.08,0,0.01,0.01,1
SC,29827,FAIRFAX,0.06,0.08,0,0.01,0.01,1
SC,29828,AIKEN COUNTY,0.06,0.08,0,0,0.02,1
SC,29829,AIKEN COUNTY,0.06,0.08,0,0,0.02,1
SC,29831,AIKEN COUNTY,0.06,0.08,0,0,0.02,3
SC,29832,EDGEFIELD COUNTY,0.06,0.07,0.01,0,0,1
SC,29834,GREENWOOD CO REMAINDER,0.06,0.07,0,0,0.01,2
SC,29835,MCCORMICK COUNTY,0.06,0.08,0.01,0,0.01,1
SC,29836,ALLENDALE COUNTY,0.06,0.08,0.01,0,0.01,1
SC,29838,MCCORMICK COUNTY,0.06,0.08,0.01,0,0.01,1
SC,29839,AIKEN COUNTY,0.06,0.08,0,0,0.02,1
SC,29840,MCCORMICK COUNTY,0.06,0.08,0.01,0,0.01,1
SC,29841,NORTH AUGUSTA,0.06,0.08,0,0,0.02,5
SC,29842,AIKEN COUNTY,0.06,0.08,0,0,0.02,2
SC,29843,BAMBERG COUNTY,0.06,0.08,0.01,0,0.01,1
SC,29844,PARKSVILLE,0.06,0.08,0,0.01,0.01,1
SC,29845,MCCORMICK COUNTY,0.06,0.08,0.01,0,0.01,1
SC,29846,SYCAMORE,0.06,0.08,0,0.01,0.01,1
SC,29847,EDGEFIELD COUNTY,0.06,0.07,0.01,0,0,2
SC,29848,MCCORMICK COUNTY,0.06,0.08,0.01,0,0.01,1
SC,29849,ALLENDALE COUNTY,0.06,0.08,0.01,0,0.01,1
SC,29850,AIKEN COUNTY,0.06,0.08,0,0,0.02,1
SC,29851,AIKEN COUNTY,0.06,0.08,0,0,0.02,4
SC,29853,BARNWELL COUNTY,0.06,0.08,0.01,0,0.01,2
SC,29856,AIKEN COUNTY,0.06,0.08,0,0,0.02,1
SC,29860,EDGEFIELD COUNTY,0.06,0.07,0.01,0,0,2
SC,29861,NORTH AUGUSTA,0.06,0.08,0,0,0.02,2
SC,29899,MCCORMICK,0.06,0.08,0,0.01,0.01,1
SC,29901,BEAUFORT,0.06,0.07,0,0,0.01,1
SC,29902,BEAUFORT,0.06,0.07,0,0,0.01,2
SC,29903,BEAUFORT,0.06,0.07,0,0,0.01,1
SC,29904,BEAUFORT,0.06,0.07,0,0,0.01,1
SC,29905,PORT ROYAL,0.06,0.07,0,0,0.01,2
SC,29906,BEAUFORT COUNTY TRANSPORTATION DISTRICT,0.06,0.07,0,0,0.01,1
SC,29907,BEAUFORT COUNTY TRANSPORTATION DISTRICT,0.06,0.07,0,0,0.01,3
SC,29909,BEAUFORT COUNTY TRANSPORTATION DISTRICT,0.06,0.07,0,0,0.01,5
SC,29910,BLUFFTON,0.06,0.07,0,0,0.01,3
SC,29911,HAMPTON COUNTY,0.06,0.08,0.01,0,0.01,1
SC,29912,JASPER COUNTY,0.06,0.09,0.01,0,0.02,1
SC,29915,BEAUFORT COUNTY TRANSPORTATION DISTRICT,0.06,0.07,0,0,0.01,1
SC,29916,HAMPTON COUNTY,0.06,0.08,0.01,0,0.01,3
SC,29918,HAMPTON COUNTY,0.06,0.08,0.01,0,0.01,2
SC,29920,BEAUFORT COUNTY TRANSPORTATION DISTRICT,0.06,0.07,0,0,0.01,4
SC,29921,FURMAN,0.06,0.08,0,0.01,0.01,1
SC,29922,HAMPTON COUNTY,0.06,0.08,0.01,0,0.01,4
SC,29923,GIFFORD,0.06,0.08,0,0.01,0.01,1
SC,29924,HAMPTON COUNTY,0.06,0.08,0.01,0,0.01,1
SC,29925,HILTON HEAD ISLAND,0.06,0.07,0,0,0.01,2
SC,29926,HILTON HEAD ISLAND,0.06,0.07,0,0,0.01,2
SC,29927,JASPER COUNTY,0.06,0.09,0.01,0,0.02,5
SC,29928,HILTON HEAD ISLAND,0.06,0.07,0,0,0.01,3
SC,29929,COLLETON COUNTY,0.06,0.08,0.01,0,0.01,3
SC,29931,COLLETON COUNTY,0.06,0.08,0.01,0,0.01,1
SC,29932,HAMPTON COUNTY,0.06,0.08,0.01,0,0.01,1
SC,29933,HAMPTON COUNTY,0.06,0.08,0.01,0,0.01,1
SC,29934,JASPER COUNTY,0.06,0.09,0.01,0,0.02,1
SC,29935,PORT ROYAL,0.06,0.07,0,0,0.01,1
SC,29936,JASPER COUNTY,0.06,0.09,0.01,0,0.02,5
SC,29938,HILTON HEAD ISLAND,0.06,0.07,0,0,0.01,2
SC,29939,SCOTIA,0.06,0.08,0,0.01,0.01,2
SC,29940,BEAUFORT COUNTY TRANSPORTATION DISTRICT,0.06,0.07,0,0,0.01,2
SC,29941,BEAUFORT COUNTY TRANSPORTATION DISTRICT,0.06,0.07,0,0,0.01,1
SC,29943,JASPER COUNTY,0.06,0.09,0.01,0,0.02,2
SC,29944,HAMPTON COUNTY,0.06,0.08,0.01,0,0.01,1
SC,29945,COLLETON COUNTY,0.06,0.08,0.01,0,0.01,6
